40.0,121.0,18.0,17.0,148.0,8.0,19.0,47.0,27.0,63.0,147.0,128.0,96.0,269.0,209.0,65.0,392.0,74.0,92.0,184.0,159.0,58.0,70.0,14.0,13.0,68.0,150.0,42.0,26.0,440.0,348.0,268.0,327.0,88.0,29.0,663.0,43.0,146.0,345.0,1296.0,1246.0,661.0,171.0,196.0,222.0,51.0,37.0,208.0,17.0,144.0,397.0,513.0,171.0,145.0,105.0,60.0,150.0,216.0,153.0,16.0,75.0,179.0,542.0,58.0,190.0,691.0,313.0,182.0,412.0,17.0,79.0,49.0,38.0,68.0,89.0,252.0,20.0,202.0,16.0,111.0,271.0,54.0,24.0,124.0,143.0,21.0,24.0,31.0,81.0,103.0,140.0,57.0,16.0,133.0,31.0,18.0,69.0,72.0,32.0,275.0,21.0,46.0,38.0,17.0,104.0,24.0,32.0,158.0,378.0,40.0,127.0,37.0,22.0,23.0,36.0,55.0,62.0,144.0,26.0,285.0,7.0,166.0,388.0,266.0,167.0,91.0,80.0,58.0,29.0,18.0,13.0,16.0,54.0,85.0,545.0,142.0,7.0,41.0,2200.0,108.0,31.0,28.0,134.0,20.0,171.0,71.0,25.0,17.0,109.0,205.0,83.0,71.0,52.0,79.0,40.0,66.0,48.0,82.0,284.0,789.0,336.0,109.0,26.0,97.0,124.0,77.0,1550.0,52.0,29.0,73.0,56.0,211.0,76.0,56.0,106.0,2246.0,1687.0,175.0,163.0,186.0,2903.0,6955.0,2136.0,84.0,3820.0,231.0,3202.0,747.0,286.0,165.0,140.0,423.0,271.0,817.0,209.0,46.0,173.0,1040.0,61.0,106.0,393.0,1529.0,280.0,668.0,138.0,3751.0,1304.0,32.0,495.0,164.0,83.0,4436.0,73.0,135.0,1288.0,416.0,39.0,1782.0,3826.0,227.0,88.0,319.0,151.0,123.0,1167.0,1922.0,66.0,182.0,86.0,584.0,335.0,395.0,140.0,449.0,290.0,182.0,539.0,845.0,990.0,63.0,77.0,230.0,75.0,198.0,712.0,67.0,149.0,321.0,483.0,146.0,70.0,1070.0,182.0,261.0,635.0,670.0,1609.0,1045.0,116.0,465.0,1575.0,239.0,404.0,163.0,98.0,84.0,511.0,152.0,32.0,105.0,175.0,58.0,150.0,140.0,251.0,45.0,239.0,271.0,73.0,166.0,1926.0,182.0,56.0,250.0,118.0,51.0,31.0,5.0,43.0,16.0,18.0,245.0,25.0,46.0,1669.0,404.0,2126.0,384.0,193.0,34.0,7.0,25.0,108.0,356.0,16.0,11.0,135.0,6.0,20.0,19.0,50.0,69.0,158.0,4.0,7.0,2.0,10.0,10.0,19.0,3.0,31.0,154.0,1520.0,422.0,21.0,6.0,36.0,60.0,5.0,3.0,76.0,210.0,20.0,7.0,3.0,28.0,5.0,3.0,37.0,8.0,7.0,2.0,9.0,38.0,15.0,11.0,19.0,1.0,15.0,1.0,101.0,7.0,13.0,9.0,25.0,18.0,60.0,24.0,24.0,35.0,246.0,122.0,93.0,30.0,72.0,617.0,201.0,29.0,37.0,50.0,72.0,24.0,30.0,260.0,17.0,0.0,3.0,1.0,19.0,10.0,9.0,21.0,26.0,32.0,9.0,6.0,30.0,9.0,7.0,8.0,11.0,3.0
28.0,103.0,28.0,17.0,107.0,11.0,20.0,39.0,19.0,81.0,144.0,115.0,91.0,287.0,201.0,75.0,373.0,65.0,107.0,181.0,173.0,72.0,45.0,23.0,13.0,54.0,139.0,45.0,27.0,466.0,440.0,281.0,283.0,106.0,26.0,533.0,48.0,117.0,375.0,1587.0,1415.0,700.0,183.0,205.0,216.0,37.0,33.0,226.0,19.0,133.0,442.0,674.0,218.0,191.0,107.0,57.0,127.0,313.0,107.0,18.0,74.0,213.0,629.0,56.0,231.0,757.0,311.0,225.0,423.0,15.0,69.0,58.0,38.0,55.0,110.0,245.0,32.0,198.0,34.0,129.0,240.0,51.0,19.0,96.0,155.0,20.0,16.0,27.0,63.0,104.0,120.0,56.0,12.0,83.0,31.0,19.0,74.0,65.0,35.0,286.0,20.0,47.0,48.0,16.0,129.0,27.0,31.0,155.0,450.0,50.0,124.0,65.0,27.0,23.0,28.0,40.0,60.0,84.0,31.0,150.0,8.0,185.0,303.0,216.0,186.0,80.0,78.0,44.0,37.0,20.0,16.0,14.0,64.0,112.0,430.0,135.0,5.0,44.0,1767.0,85.0,27.0,32.0,122.0,19.0,197.0,58.0,15.0,16.0,92.0,156.0,70.0,52.0,45.0,64.0,32.0,62.0,37.0,81.0,232.0,825.0,334.0,102.0,27.0,91.0,142.0,67.0,1275.0,45.0,27.0,67.0,45.0,202.0,74.0,48.0,101.0,2032.0,1675.0,174.0,149.0,173.0,2795.0,6458.0,2028.0,80.0,3311.0,228.0,3119.0,817.0,238.0,133.0,112.0,391.0,247.0,809.0,203.0,47.0,173.0,927.0,55.0,95.0,354.0,1389.0,257.0,619.0,115.0,3613.0,1266.0,32.0,429.0,153.0,87.0,4044.0,61.0,130.0,1074.0,339.0,35.0,1615.0,3712.0,207.0,97.0,237.0,136.0,122.0,1233.0,1807.0,71.0,180.0,84.0,583.0,286.0,332.0,136.0,409.0,249.0,178.0,431.0,784.0,788.0,55.0,69.0,196.0,74.0,187.0,706.0,54.0,138.0,291.0,480.0,141.0,68.0,915.0,152.0,227.0,597.0,650.0,1406.0,920.0,97.0,417.0,1443.0,216.0,377.0,157.0,91.0,78.0,476.0,137.0,26.0,101.0,165.0,52.0,127.0,117.0,222.0,43.0,240.0,251.0,80.0,152.0,1831.0,189.0,51.0,242.0,125.0,51.0,27.0,4.0,37.0,12.0,15.0,222.0,22.0,43.0,1210.0,363.0,1871.0,360.0,195.0,36.0,8.0,22.0,88.0,306.0,17.0,8.0,103.0,8.0,13.0,15.0,65.0,87.0,94.0,3.0,6.0,1.0,9.0,7.0,23.0,2.0,31.0,139.0,1427.0,316.0,19.0,6.0,44.0,54.0,5.0,3.0,72.0,200.0,16.0,12.0,3.0,24.0,5.0,3.0,42.0,7.0,9.0,2.0,14.0,38.0,24.0,9.0,15.0,2.0,24.0,1.0,68.0,5.0,12.0,12.0,19.0,15.0,37.0,17.0,16.0,24.0,204.0,99.0,70.0,20.0,66.0,658.0,245.0,27.0,30.0,54.0,83.0,23.0,25.0,228.0,22.0,0.0,3.0,1.0,63.0,11.0,9.0,19.0,19.0,50.0,8.0,7.0,33.0,9.0,29.0,20.0,14.0,4.0
42.0,98.0,23.0,15.0,142.0,10.0,16.0,36.0,19.0,66.0,117.0,107.0,72.0,281.0,187.0,62.0,313.0,50.0,93.0,162.0,149.0,56.0,51.0,11.0,12.0,44.0,124.0,41.0,23.0,473.0,371.0,242.0,277.0,71.0,20.0,521.0,41.0,117.0,342.0,1466.0,1353.0,640.0,150.0,180.0,182.0,41.0,32.0,184.0,16.0,117.0,376.0,584.0,197.0,167.0,86.0,50.0,124.0,190.0,111.0,13.0,67.0,171.0,588.0,56.0,221.0,607.0,280.0,197.0,352.0,12.0,59.0,48.0,34.0,55.0,86.0,289.0,24.0,165.0,21.0,93.0,240.0,42.0,19.0,94.0,119.0,18.0,20.0,28.0,62.0,82.0,114.0,50.0,13.0,113.0,25.0,13.0,65.0,56.0,30.0,231.0,18.0,44.0,31.0,14.0,101.0,22.0,29.0,141.0,317.0,34.0,113.0,46.0,21.0,20.0,34.0,45.0,54.0,127.0,23.0,270.0,6.0,155.0,350.0,234.0,156.0,95.0,82.0,53.0,33.0,22.0,16.0,18.0,53.0,116.0,618.0,163.0,7.0,48.0,2423.0,117.0,31.0,30.0,168.0,21.0,161.0,63.0,23.0,14.0,117.0,192.0,90.0,66.0,52.0,86.0,43.0,77.0,50.0,88.0,289.0,913.0,351.0,110.0,30.0,101.0,115.0,76.0,1373.0,57.0,30.0,72.0,58.0,196.0,74.0,52.0,110.0,2221.0,1597.0,173.0,186.0,193.0,2812.0,6345.0,1940.0,82.0,3842.0,220.0,3070.0,776.0,262.0,159.0,135.0,432.0,254.0,817.0,210.0,44.0,154.0,942.0,53.0,96.0,391.0,1404.0,250.0,637.0,130.0,3736.0,1398.0,28.0,437.0,147.0,83.0,4523.0,68.0,126.0,1299.0,435.0,40.0,1535.0,3547.0,188.0,89.0,318.0,137.0,110.0,972.0,1687.0,63.0,164.0,80.0,554.0,289.0,355.0,142.0,386.0,256.0,175.0,510.0,803.0,878.0,53.0,71.0,210.0,73.0,184.0,660.0,56.0,148.0,313.0,480.0,146.0,67.0,943.0,156.0,242.0,658.0,650.0,1548.0,970.0,103.0,442.0,1494.0,201.0,354.0,151.0,86.0,76.0,513.0,144.0,33.0,109.0,170.0,63.0,140.0,154.0,239.0,41.0,212.0,265.0,66.0,146.0,1651.0,180.0,55.0,259.0,140.0,61.0,32.0,6.0,47.0,16.0,18.0,259.0,30.0,47.0,1686.0,437.0,2026.0,348.0,198.0,43.0,7.0,26.0,91.0,385.0,18.0,11.0,118.0,7.0,18.0,17.0,60.0,74.0,126.0,3.0,8.0,2.0,12.0,9.0,22.0,3.0,39.0,165.0,1685.0,433.0,24.0,7.0,49.0,75.0,7.0,3.0,80.0,225.0,19.0,9.0,4.0,33.0,5.0,3.0,53.0,8.0,8.0,2.0,9.0,38.0,15.0,13.0,30.0,1.0,25.0,2.0,103.0,8.0,12.0,11.0,26.0,17.0,64.0,22.0,16.0,29.0,246.0,119.0,89.0,27.0,60.0,556.0,221.0,31.0,37.0,58.0,80.0,25.0,34.0,307.0,22.0,0.0,4.0,1.0,27.0,13.0,9.0,22.0,29.0,47.0,10.0,7.0,34.0,10.0,13.0,12.0,15.0,5.0
23.0,63.0,35.0,11.0,96.0,12.0,16.0,35.0,14.0,93.0,130.0,104.0,92.0,235.0,183.0,77.0,283.0,32.0,119.0,149.0,155.0,74.0,25.0,20.0,14.0,35.0,126.0,52.0,25.0,486.0,479.0,273.0,199.0,88.0,20.0,289.0,35.0,91.0,351.0,2017.0,1639.0,703.0,162.0,189.0,143.0,36.0,24.0,194.0,24.0,79.0,496.0,833.0,276.0,220.0,85.0,54.0,118.0,251.0,50.0,13.0,53.0,203.0,495.0,34.0,292.0,741.0,276.0,269.0,371.0,13.0,56.0,48.0,41.0,30.0,98.0,266.0,44.0,151.0,44.0,115.0,236.0,57.0,16.0,90.0,116.0,12.0,12.0,33.0,64.0,100.0,80.0,43.0,12.0,86.0,26.0,13.0,70.0,43.0,45.0,223.0,14.0,48.0,33.0,9.0,129.0,23.0,25.0,154.0,361.0,31.0,102.0,88.0,24.0,27.0,34.0,28.0,40.0,92.0,32.0,122.0,8.0,165.0,232.0,151.0,166.0,75.0,74.0,33.0,30.0,19.0,14.0,12.0,47.0,96.0,349.0,126.0,4.0,40.0,1618.0,78.0,21.0,25.0,112.0,17.0,155.0,46.0,14.0,15.0,109.0,126.0,84.0,42.0,51.0,65.0,32.0,59.0,32.0,69.0,190.0,645.0,272.0,86.0,22.0,83.0,96.0,62.0,1038.0,34.0,24.0,56.0,41.0,171.0,63.0,42.0,87.0,1693.0,1456.0,161.0,132.0,159.0,2519.0,5316.0,1671.0,65.0,2875.0,196.0,2696.0,623.0,211.0,125.0,99.0,356.0,206.0,595.0,160.0,36.0,150.0,690.0,46.0,74.0,279.0,1165.0,216.0,467.0,96.0,3190.0,1135.0,26.0,317.0,131.0,67.0,3596.0,57.0,103.0,1038.0,325.0,33.0,1312.0,3094.0,145.0,107.0,226.0,111.0,113.0,800.0,1387.0,63.0,138.0,69.0,488.0,236.0,298.0,117.0,321.0,212.0,175.0,401.0,638.0,684.0,47.0,54.0,162.0,64.0,151.0,568.0,50.0,121.0,228.0,381.0,120.0,58.0,779.0,124.0,200.0,470.0,534.0,1175.0,872.0,79.0,381.0,1285.0,181.0,283.0,127.0,77.0,65.0,442.0,98.0,26.0,84.0,154.0,46.0,112.0,77.0,192.0,34.0,185.0,211.0,70.0,126.0,1254.0,156.0,42.0,152.0,102.0,46.0,26.0,4.0,34.0,10.0,12.0,252.0,22.0,35.0,1229.0,420.0,1311.0,305.0,148.0,31.0,6.0,19.0,68.0,286.0,12.0,8.0,103.0,6.0,8.0,14.0,45.0,56.0,123.0,3.0,5.0,1.0,7.0,8.0,22.0,2.0,29.0,116.0,1265.0,358.0,16.0,4.0,42.0,46.0,4.0,2.0,58.0,144.0,15.0,8.0,3.0,23.0,4.0,2.0,40.0,5.0,7.0,1.0,11.0,23.0,14.0,7.0,14.0,1.0,26.0,1.0,51.0,5.0,10.0,12.0,18.0,16.0,33.0,21.0,19.0,23.0,189.0,93.0,70.0,19.0,60.0,505.0,166.0,17.0,17.0,36.0,56.0,22.0,18.0,182.0,19.0,0.0,3.0,1.0,44.0,7.0,7.0,17.0,15.0,38.0,6.0,5.0,21.0,3.0,19.0,14.0,12.0,1.0
28.0,70.0,23.0,12.0,115.0,10.0,15.0,31.0,14.0,79.0,132.0,105.0,73.0,273.0,207.0,72.0,266.0,38.0,117.0,174.0,159.0,59.0,36.0,11.0,11.0,34.0,111.0,42.0,22.0,550.0,502.0,271.0,252.0,69.0,19.0,369.0,31.0,98.0,367.0,2213.0,1832.0,790.0,159.0,183.0,160.0,36.0,27.0,181.0,20.0,89.0,462.0,907.0,322.0,236.0,91.0,52.0,128.0,199.0,79.0,10.0,54.0,196.0,586.0,44.0,285.0,894.0,377.0,283.0,392.0,13.0,52.0,50.0,37.0,37.0,84.0,317.0,36.0,180.0,36.0,110.0,245.0,48.0,15.0,86.0,106.0,13.0,15.0,26.0,57.0,81.0,84.0,41.0,10.0,88.0,22.0,11.0,54.0,41.0,33.0,221.0,15.0,47.0,31.0,11.0,132.0,25.0,26.0,194.0,420.0,33.0,95.0,71.0,24.0,30.0,28.0,27.0,28.0,74.0,10.0,179.0,3.0,109.0,245.0,160.0,110.0,60.0,42.0,34.0,22.0,14.0,11.0,11.0,44.0,77.0,350.0,89.0,5.0,32.0,1395.0,67.0,18.0,19.0,99.0,15.0,111.0,40.0,14.0,9.0,68.0,103.0,52.0,35.0,34.0,49.0,23.0,41.0,27.0,55.0,173.0,614.0,235.0,78.0,19.0,68.0,77.0,51.0,916.0,35.0,20.0,47.0,36.0,140.0,56.0,35.0,73.0,1602.0,1287.0,141.0,118.0,136.0,2167.0,5006.0,1550.0,53.0,2671.0,173.0,2456.0,517.0,185.0,105.0,86.0,291.0,186.0,566.0,150.0,28.0,127.0,648.0,39.0,66.0,260.0,1052.0,187.0,426.0,85.0,2848.0,988.0,22.0,305.0,112.0,58.0,3062.0,52.0,95.0,784.0,267.0,26.0,1181.0,2682.0,150.0,93.0,191.0,99.0,107.0,824.0,1254.0,55.0,130.0,62.0,430.0,211.0,253.0,97.0,284.0,177.0,152.0,353.0,554.0,607.0,37.0,46.0,144.0,55.0,142.0,489.0,41.0,100.0,207.0,338.0,109.0,51.0,684.0,110.0,172.0,437.0,471.0,1096.0,730.0,70.0,334.0,1135.0,156.0,260.0,115.0,67.0,56.0,365.0,90.0,21.0,66.0,113.0,39.0,85.0,83.0,167.0,30.0,164.0,198.0,42.0,117.0,1217.0,136.0,39.0,141.0,83.0,34.0,18.0,3.0,27.0,9.0,11.0,182.0,19.0,29.0,1020.0,310.0,1254.0,246.0,128.0,30.0,6.0,16.0,53.0,233.0,12.0,6.0,75.0,6.0,11.0,11.0,31.0,50.0,82.0,2.0,5.0,1.0,7.0,6.0,15.0,2.0,24.0,97.0,980.0,270.0,15.0,4.0,31.0,48.0,5.0,3.0,48.0,125.0,12.0,7.0,3.0,18.0,4.0,3.0,38.0,6.0,6.0,2.0,9.0,28.0,9.0,8.0,18.0,1.0,18.0,1.0,52.0,6.0,8.0,7.0,13.0,8.0,28.0,9.0,11.0,18.0,141.0,70.0,52.0,17.0,43.0,411.0,136.0,19.0,20.0,33.0,41.0,14.0,16.0,149.0,14.0,0.0,5.0,1.0,35.0,9.0,5.0,13.0,16.0,27.0,7.0,4.0,21.0,8.0,11.0,11.0,11.0,4.0
24.0,69.0,29.0,11.0,94.0,9.0,15.0,31.0,12.0,80.0,118.0,88.0,72.0,236.0,182.0,67.0,251.0,31.0,117.0,153.0,140.0,59.0,25.0,15.0,9.0,29.0,94.0,39.0,21.0,505.0,478.0,259.0,196.0,73.0,17.0,296.0,31.0,87.0,345.0,2144.0,1754.0,698.0,150.0,164.0,132.0,29.0,22.0,170.0,20.0,82.0,450.0,849.0,303.0,218.0,80.0,47.0,104.0,210.0,51.0,11.0,48.0,185.0,516.0,38.0,264.0,773.0,308.0,261.0,343.0,11.0,49.0,41.0,33.0,30.0,86.0,261.0,39.0,161.0,38.0,108.0,213.0,46.0,13.0,75.0,101.0,11.0,13.0,27.0,54.0,78.0,71.0,40.0,11.0,76.0,22.0,11.0,56.0,41.0,37.0,196.0,12.0,41.0,29.0,9.0,121.0,21.0,24.0,153.0,353.0,30.0,95.0,71.0,23.0,24.0,27.0,27.0,36.0,74.0,28.0,97.0,7.0,139.0,204.0,140.0,140.0,65.0,68.0,32.0,28.0,17.0,14.0,12.0,43.0,96.0,380.0,123.0,4.0,40.0,1625.0,77.0,22.0,25.0,108.0,16.0,139.0,40.0,12.0,12.0,89.0,117.0,68.0,40.0,44.0,59.0,29.0,55.0,31.0,66.0,185.0,632.0,262.0,81.0,20.0,76.0,95.0,56.0,976.0,33.0,22.0,53.0,38.0,156.0,57.0,40.0,81.0,1579.0,1307.0,152.0,123.0,148.0,2303.0,4889.0,1537.0,61.0,2685.0,178.0,2425.0,588.0,194.0,113.0,90.0,322.0,193.0,568.0,145.0,33.0,130.0,629.0,41.0,66.0,256.0,1026.0,187.0,422.0,88.0,2935.0,1071.0,23.0,285.0,113.0,61.0,3359.0,52.0,92.0,965.0,306.0,30.0,1146.0,2643.0,135.0,86.0,214.0,97.0,95.0,758.0,1225.0,53.0,123.0,60.0,415.0,205.0,250.0,106.0,281.0,179.0,146.0,358.0,577.0,580.0,39.0,50.0,147.0,57.0,138.0,492.0,42.0,107.0,211.0,353.0,110.0,52.0,679.0,109.0,184.0,444.0,496.0,1068.0,747.0,68.0,342.0,1130.0,159.0,258.0,110.0,65.0,56.0,381.0,94.0,23.0,77.0,139.0,42.0,107.0,74.0,175.0,32.0,163.0,186.0,65.0,106.0,1159.0,138.0,40.0,161.0,95.0,43.0,24.0,4.0,33.0,10.0,12.0,227.0,20.0,33.0,1148.0,369.0,1346.0,292.0,145.0,28.0,6.0,17.0,62.0,253.0,12.0,6.0,87.0,5.0,9.0,13.0,45.0,59.0,101.0,3.0,6.0,1.0,7.0,7.0,22.0,2.0,29.0,111.0,1165.0,319.0,16.0,4.0,44.0,51.0,4.0,3.0,56.0,140.0,14.0,9.0,3.0,21.0,4.0,3.0,41.0,5.0,7.0,2.0,11.0,24.0,15.0,8.0,15.0,1.0,25.0,1.0,56.0,6.0,10.0,11.0,16.0,14.0,29.0,19.0,15.0,19.0,166.0,82.0,60.0,15.0,50.0,441.0,158.0,17.0,19.0,36.0,55.0,20.0,18.0,189.0,18.0,0.0,4.0,1.0,46.0,8.0,7.0,17.0,16.0,40.0,7.0,5.0,23.0,4.0,23.0,15.0,12.0,1.0
25.0,64.0,19.0,11.0,105.0,7.0,13.0,29.0,14.0,71.0,124.0,95.0,62.0,256.0,195.0,63.0,232.0,32.0,110.0,166.0,140.0,47.0,31.0,8.0,8.0,27.0,85.0,32.0,18.0,536.0,495.0,241.0,225.0,57.0,16.0,328.0,26.0,84.0,356.0,2290.0,1886.0,755.0,142.0,153.0,140.0,27.0,22.0,151.0,15.0,81.0,421.0,916.0,338.0,230.0,84.0,46.0,106.0,162.0,69.0,8.0,43.0,164.0,554.0,42.0,255.0,893.0,382.0,273.0,374.0,11.0,46.0,43.0,27.0,31.0,68.0,286.0,32.0,184.0,33.0,110.0,243.0,44.0,14.0,70.0,86.0,11.0,14.0,25.0,54.0,69.0,66.0,35.0,10.0,82.0,19.0,8.0,40.0,38.0,31.0,191.0,11.0,40.0,25.0,8.0,116.0,20.0,25.0,177.0,366.0,27.0,91.0,61.0,23.0,24.0,22.0,25.0,28.0,58.0,9.0,185.0,3.0,85.0,210.0,141.0,86.0,56.0,36.0,32.0,18.0,12.0,9.0,10.0,37.0,69.0,329.0,84.0,4.0,28.0,1321.0,62.0,17.0,18.0,90.0,13.0,94.0,37.0,12.0,8.0,62.0,109.0,47.0,37.0,32.0,48.0,22.0,41.0,27.0,50.0,163.0,555.0,210.0,69.0,16.0,61.0,63.0,46.0,837.0,29.0,18.0,41.0,33.0,125.0,49.0,32.0,67.0,1432.0,1113.0,119.0,107.0,123.0,1929.0,4408.0,1362.0,49.0,2416.0,154.0,2148.0,445.0,159.0,94.0,77.0,262.0,168.0,506.0,128.0,25.0,105.0,547.0,32.0,55.0,220.0,893.0,156.0,366.0,72.0,2536.0,900.0,19.0,260.0,93.0,49.0,2894.0,45.0,80.0,770.0,260.0,25.0,993.0,2222.0,127.0,71.0,186.0,83.0,84.0,724.0,1066.0,45.0,109.0,53.0,356.0,179.0,215.0,89.0,242.0,154.0,117.0,303.0,487.0,526.0,33.0,41.0,124.0,47.0,122.0,424.0,36.0,85.0,182.0,293.0,92.0,45.0,605.0,94.0,144.0,386.0,414.0,972.0,635.0,62.0,283.0,974.0,136.0,227.0,98.0,57.0,48.0,310.0,82.0,19.0,58.0,90.0,35.0,74.0,78.0,144.0,26.0,132.0,161.0,30.0,91.0,1007.0,112.0,34.0,126.0,61.0,30.0,18.0,3.0,27.0,9.0,10.0,176.0,17.0,27.0,1001.0,295.0,1207.0,217.0,115.0,25.0,5.0,14.0,50.0,207.0,10.0,6.0,70.0,4.0,8.0,11.0,26.0,43.0,84.0,3.0,5.0,1.0,6.0,6.0,14.0,2.0,21.0,89.0,947.0,268.0,14.0,4.0,28.0,43.0,4.0,2.0,41.0,114.0,11.0,7.0,3.0,18.0,3.0,2.0,32.0,5.0,5.0,1.0,7.0,22.0,7.0,7.0,14.0,1.0,16.0,1.0,51.0,5.0,8.0,7.0,13.0,8.0,32.0,9.0,11.0,18.0,141.0,69.0,51.0,16.0,37.0,339.0,100.0,16.0,15.0,22.0,29.0,11.0,16.0,125.0,10.0,0.0,4.0,1.0,21.0,7.0,5.0,11.0,14.0,22.0,6.0,4.0,18.0,6.0,1.0,6.0,8.0,3.0
20.0,56.0,23.0,10.0,86.0,8.0,13.0,29.0,11.0,76.0,119.0,86.0,64.0,241.0,193.0,67.0,235.0,27.0,125.0,166.0,138.0,52.0,22.0,12.0,8.0,25.0,83.0,34.0,19.0,547.0,528.0,270.0,195.0,64.0,15.0,274.0,27.0,80.0,358.0,2484.0,2009.0,773.0,151.0,158.0,124.0,25.0,20.0,157.0,17.0,77.0,459.0,1008.0,373.0,251.0,86.0,46.0,101.0,188.0,48.0,9.0,41.0,170.0,518.0,39.0,271.0,907.0,384.0,302.0,374.0,11.0,47.0,39.0,30.0,25.0,75.0,256.0,37.0,176.0,40.0,113.0,223.0,45.0,13.0,68.0,88.0,9.0,12.0,25.0,49.0,67.0,60.0,34.0,10.0,70.0,19.0,9.0,44.0,35.0,32.0,177.0,10.0,39.0,27.0,8.0,129.0,21.0,23.0,171.0,391.0,31.0,84.0,65.0,23.0,25.0,20.0,21.0,24.0,48.0,22.0,32.0,6.0,102.0,141.0,95.0,103.0,39.0,49.0,19.0,20.0,12.0,9.0,8.0,29.0,62.0,236.0,75.0,3.0,26.0,990.0,47.0,13.0,16.0,69.0,11.0,98.0,26.0,8.0,8.0,55.0,68.0,42.0,24.0,27.0,37.0,17.0,32.0,19.0,43.0,121.0,451.0,179.0,60.0,13.0,52.0,61.0,38.0,683.0,22.0,15.0,35.0,27.0,111.0,43.0,27.0,57.0,1200.0,1025.0,110.0,85.0,106.0,1746.0,3872.0,1204.0,42.0,1982.0,138.0,1919.0,398.0,131.0,77.0,61.0,228.0,145.0,434.0,109.0,22.0,97.0,467.0,29.0,48.0,176.0,780.0,139.0,318.0,60.0,2223.0,775.0,17.0,218.0,83.0,42.0,2370.0,38.0,72.0,642.0,207.0,21.0,877.0,1989.0,113.0,72.0,143.0,73.0,81.0,656.0,929.0,42.0,98.0,46.0,317.0,154.0,184.0,76.0,211.0,132.0,113.0,250.0,413.0,431.0,29.0,35.0,103.0,41.0,103.0,372.0,31.0,74.0,150.0,256.0,82.0,39.0,509.0,80.0,130.0,326.0,367.0,817.0,561.0,52.0,253.0,858.0,120.0,196.0,85.0,50.0,42.0,272.0,65.0,15.0,49.0,88.0,29.0,67.0,45.0,124.0,23.0,125.0,139.0,40.0,82.0,885.0,102.0,28.0,93.0,56.0,26.0,15.0,2.0,20.0,7.0,8.0,146.0,14.0,22.0,741.0,245.0,925.0,194.0,98.0,20.0,4.0,11.0,39.0,166.0,8.0,4.0,55.0,4.0,5.0,8.0,30.0,39.0,64.0,2.0,4.0,1.0,5.0,5.0,15.0,1.0,19.0,69.0,738.0,205.0,11.0,3.0,27.0,35.0,3.0,2.0,34.0,87.0,9.0,7.0,3.0,14.0,3.0,2.0,30.0,4.0,6.0,1.0,8.0,17.0,10.0,6.0,9.0,1.0,16.0,1.0,35.0,4.0,6.0,7.0,9.0,8.0,14.0,10.0,10.0,13.0,104.0,51.0,39.0,11.0,34.0,293.0,99.0,11.0,10.0,18.0,31.0,11.0,9.0,103.0,9.0,0.0,3.0,1.0,40.0,6.0,5.0,11.0,10.0,25.0,4.0,4.0,15.0,3.0,19.0,11.0,8.0,1.0
23.0,57.0,19.0,10.0,94.0,7.0,12.0,26.0,12.0,68.0,114.0,85.0,57.0,241.0,185.0,60.0,206.0,27.0,113.0,160.0,130.0,44.0,26.0,8.0,7.0,23.0,74.0,29.0,17.0,534.0,508.0,240.0,202.0,52.0,13.0,279.0,25.0,80.0,348.0,2390.0,1940.0,754.0,137.0,142.0,122.0,24.0,20.0,140.0,15.0,76.0,425.0,948.0,355.0,235.0,80.0,43.0,95.0,147.0,56.0,7.0,39.0,153.0,508.0,39.0,258.0,879.0,380.0,276.0,351.0,11.0,41.0,38.0,25.0,27.0,65.0,263.0,32.0,175.0,35.0,106.0,219.0,40.0,12.0,62.0,76.0,9.0,13.0,23.0,47.0,61.0,58.0,33.0,9.0,71.0,17.0,7.0,39.0,34.0,29.0,168.0,10.0,37.0,23.0,8.0,111.0,19.0,22.0,164.0,352.0,26.0,82.0,59.0,21.0,24.0,21.0,22.0,24.0,54.0,5.0,167.0,2.0,74.0,176.0,118.0,74.0,50.0,27.0,28.0,16.0,11.0,9.0,9.0,34.0,66.0,298.0,79.0,4.0,27.0,1208.0,57.0,16.0,17.0,81.0,11.0,82.0,31.0,10.0,7.0,53.0,87.0,41.0,30.0,28.0,41.0,19.0,36.0,23.0,45.0,140.0,495.0,188.0,61.0,14.0,54.0,59.0,40.0,724.0,26.0,16.0,37.0,29.0,111.0,44.0,28.0,59.0,1252.0,987.0,108.0,94.0,109.0,1715.0,3871.0,1198.0,43.0,2121.0,136.0,1901.0,394.0,139.0,82.0,67.0,232.0,148.0,439.0,112.0,22.0,93.0,471.0,28.0,48.0,191.0,770.0,135.0,319.0,62.0,2248.0,800.0,16.0,219.0,80.0,43.0,2555.0,39.0,69.0,680.0,228.0,22.0,849.0,1909.0,108.0,65.0,162.0,71.0,75.0,625.0,899.0,40.0,94.0,45.0,304.0,151.0,182.0,77.0,203.0,128.0,106.0,264.0,420.0,435.0,28.0,35.0,107.0,41.0,105.0,359.0,30.0,74.0,157.0,258.0,82.0,39.0,507.0,80.0,129.0,340.0,363.0,831.0,544.0,52.0,251.0,847.0,116.0,194.0,84.0,48.0,41.0,271.0,70.0,17.0,51.0,81.0,30.0,65.0,66.0,125.0,23.0,115.0,141.0,28.0,80.0,858.0,99.0,29.0,112.0,60.0,28.0,16.0,3.0,23.0,8.0,9.0,156.0,15.0,24.0,870.0,262.0,1036.0,196.0,101.0,23.0,4.0,12.0,41.0,179.0,9.0,5.0,59.0,4.0,8.0,9.0,26.0,40.0,68.0,2.0,4.0,1.0,6.0,5.0,14.0,2.0,21.0,77.0,820.0,229.0,13.0,4.0,29.0,42.0,4.0,2.0,37.0,100.0,10.0,7.0,3.0,16.0,4.0,2.0,32.0,5.0,5.0,1.0,8.0,22.0,8.0,7.0,14.0,1.0,16.0,1.0,45.0,5.0,7.0,6.0,11.0,7.0,26.0,8.0,9.0,14.0,115.0,56.0,41.0,13.0,31.0,286.0,91.0,13.0,14.0,21.0,29.0,10.0,14.0,111.0,9.0,0.0,4.0,1.0,25.0,7.0,5.0,11.0,13.0,23.0,6.0,4.0,18.0,7.0,3.0,7.0,9.0,3.0
18.0,50.0,21.0,9.0,79.0,7.0,12.0,27.0,11.0,70.0,110.0,78.0,58.0,220.0,180.0,61.0,208.0,23.0,119.0,154.0,123.0,46.0,19.0,10.0,7.0,21.0,69.0,29.0,17.0,524.0,505.0,249.0,173.0,55.0,13.0,235.0,24.0,74.0,336.0,2458.0,1983.0,737.0,138.0,139.0,105.0,22.0,17.0,136.0,15.0,70.0,431.0,988.0,368.0,243.0,80.0,41.0,89.0,157.0,39.0,8.0,35.0,148.0,462.0,36.0,256.0,877.0,378.0,294.0,353.0,10.0,42.0,33.0,25.0,21.0,64.0,229.0,34.0,168.0,39.0,109.0,214.0,42.0,12.0,59.0,73.0,8.0,12.0,24.0,46.0,59.0,51.0,30.0,9.0,65.0,17.0,7.0,39.0,31.0,30.0,154.0,9.0,35.0,23.0,6.0,113.0,17.0,21.0,155.0,340.0,26.0,79.0,60.0,21.0,23.0,19.0,19.0,22.0,47.0,23.0,21.0,6.0,90.0,120.0,81.0,90.0,35.0,49.0,17.0,19.0,11.0,9.0,7.0,25.0,57.0,231.0,73.0,3.0,24.0,970.0,46.0,13.0,15.0,67.0,10.0,87.0,24.0,7.0,8.0,57.0,68.0,43.0,24.0,27.0,36.0,18.0,32.0,19.0,41.0,114.0,413.0,166.0,55.0,12.0,48.0,53.0,36.0,632.0,20.0,14.0,32.0,25.0,102.0,39.0,25.0,53.0,1089.0,917.0,100.0,78.0,98.0,1582.0,3471.0,1077.0,39.0,1825.0,124.0,1727.0,353.0,119.0,71.0,56.0,211.0,133.0,383.0,95.0,20.0,84.0,404.0,25.0,42.0,158.0,680.0,120.0,278.0,54.0,2029.0,716.0,15.0,188.0,71.0,37.0,2249.0,35.0,61.0,628.0,202.0,20.0,759.0,1702.0,96.0,61.0,140.0,63.0,70.0,556.0,798.0,36.0,84.0,40.0,273.0,134.0,161.0,70.0,183.0,115.0,99.0,229.0,369.0,381.0,25.0,31.0,92.0,37.0,91.0,326.0,27.0,66.0,132.0,226.0,73.0,35.0,451.0,71.0,116.0,287.0,325.0,725.0,498.0,46.0,224.0,757.0,106.0,172.0,74.0,44.0,37.0,241.0,57.0,14.0,44.0,82.0,26.0,62.0,39.0,110.0,20.0,103.0,119.0,38.0,68.0,737.0,88.0,25.0,85.0,52.0,26.0,15.0,2.0,20.0,7.0,8.0,143.0,13.0,21.0,741.0,240.0,874.0,182.0,90.0,19.0,4.0,11.0,37.0,155.0,8.0,4.0,53.0,4.0,4.0,8.0,27.0,35.0,67.0,2.0,4.0,1.0,5.0,5.0,14.0,1.0,18.0,67.0,721.0,204.0,11.0,3.0,26.0,33.0,3.0,2.0,32.0,83.0,9.0,6.0,2.0,14.0,3.0,2.0,28.0,4.0,5.0,1.0,8.0,15.0,9.0,5.0,8.0,1.0,16.0,1.0,36.0,4.0,6.0,7.0,10.0,8.0,15.0,11.0,10.0,12.0,103.0,51.0,39.0,10.0,31.0,254.0,81.0,9.0,8.0,13.0,24.0,11.0,9.0,99.0,7.0,0.0,3.0,1.0,33.0,5.0,4.0,10.0,9.0,22.0,4.0,3.0,13.0,2.0,16.0,9.0,8.0,0.0
20.0,49.0,17.0,9.0,84.0,6.0,11.0,25.0,11.0,66.0,111.0,81.0,55.0,234.0,184.0,59.0,195.0,24.0,116.0,162.0,126.0,41.0,23.0,7.0,6.0,20.0,66.0,26.0,16.0,545.0,530.0,242.0,191.0,49.0,12.0,250.0,23.0,76.0,350.0,2549.0,2052.0,783.0,137.0,135.0,112.0,21.0,18.0,128.0,14.0,72.0,429.0,1018.0,390.0,252.0,82.0,42.0,89.0,136.0,49.0,7.0,34.0,140.0,476.0,37.0,257.0,925.0,409.0,297.0,361.0,10.0,39.0,35.0,22.0,23.0,58.0,240.0,31.0,177.0,37.0,110.0,219.0,39.0,12.0,56.0,68.0,8.0,12.0,23.0,44.0,55.0,51.0,29.0,9.0,64.0,15.0,6.0,34.0,30.0,27.0,153.0,9.0,35.0,21.0,7.0,111.0,18.0,20.0,161.0,355.0,25.0,74.0,55.0,20.0,24.0,17.0,18.0,19.0,41.0,0.0,144.0,0.0,51.0,132.0,88.0,51.0,36.0,12.0,21.0,11.0,7.0,6.0,7.0,25.0,46.0,198.0,51.0,3.0,18.0,800.0,37.0,11.0,12.0,54.0,8.0,58.0,22.0,7.0,5.0,33.0,58.0,25.0,20.0,19.0,27.0,13.0,24.0,15.0,31.0,97.0,364.0,135.0,46.0,10.0,39.0,41.0,29.0,534.0,18.0,12.0,26.0,21.0,84.0,34.0,20.0,44.0,969.0,785.0,82.0,67.0,82.0,1341.0,3083.0,951.0,32.0,1612.0,108.0,1510.0,278.0,99.0,58.0,48.0,173.0,114.0,336.0,86.0,16.0,72.0,359.0,22.0,37.0,136.0,594.0,103.0,250.0,44.0,1740.0,601.0,13.0,169.0,62.0,31.0,1908.0,30.0,55.0,491.0,166.0,16.0,659.0,1475.0,89.0,54.0,118.0,55.0,63.0,532.0,697.0,32.0,75.0,35.0,236.0,117.0,139.0,57.0,158.0,98.0,83.0,195.0,311.0,332.0,21.0,26.0,79.0,31.0,80.0,277.0,23.0,54.0,116.0,193.0,62.0,30.0,392.0,61.0,96.0,256.0,279.0,642.0,422.0,40.0,192.0,656.0,91.0,151.0,65.0,38.0,32.0,201.0,50.0,12.0,34.0,53.0,22.0,43.0,45.0,92.0,17.0,89.0,107.0,17.0,62.0,663.0,74.0,22.0,74.0,36.0,18.0,11.0,2.0,16.0,6.0,6.0,108.0,11.0,17.0,608.0,184.0,736.0,140.0,72.0,16.0,3.0,9.0,29.0,125.0,7.0,4.0,41.0,3.0,6.0,7.0,17.0,29.0,48.0,2.0,3.0,1.0,5.0,4.0,10.0,1.0,14.0,53.0,561.0,161.0,9.0,3.0,20.0,31.0,3.0,2.0,25.0,67.0,7.0,6.0,2.0,11.0,3.0,2.0,24.0,4.0,4.0,1.0,6.0,17.0,5.0,5.0,10.0,1.0,11.0,1.0,30.0,4.0,5.0,4.0,7.0,4.0,16.0,4.0,7.0,10.0,79.0,39.0,28.0,9.0,22.0,200.0,56.0,9.0,8.0,10.0,15.0,5.0,9.0,54.0,4.0,0.0,3.0,1.0,19.0,5.0,3.0,8.0,9.0,15.0,4.0,3.0,13.0,6.0,0.0,5.0,6.0,3.0
18.0,48.0,19.0,8.0,75.0,6.0,11.0,25.0,10.0,65.0,104.0,74.0,53.0,216.0,175.0,58.0,194.0,21.0,117.0,152.0,117.0,42.0,19.0,9.0,6.0,19.0,61.0,26.0,16.0,526.0,509.0,243.0,168.0,50.0,12.0,224.0,23.0,72.0,337.0,2504.0,2023.0,742.0,133.0,130.0,98.0,20.0,16.0,126.0,14.0,69.0,426.0,1002.0,378.0,244.0,78.0,39.0,82.0,140.0,38.0,7.0,32.0,137.0,444.0,35.0,251.0,888.0,387.0,292.0,343.0,10.0,39.0,30.0,22.0,20.0,60.0,220.0,32.0,167.0,38.0,106.0,205.0,39.0,11.0,53.0,66.0,7.0,11.0,23.0,42.0,53.0,47.0,28.0,8.0,60.0,15.0,7.0,36.0,29.0,27.0,142.0,8.0,33.0,21.0,6.0,107.0,17.0,19.0,148.0,330.0,25.0,74.0,54.0,20.0,22.0,17.0,18.0,20.0,42.0,22.0,0.0,6.0,74.0,98.0,67.0,75.0,26.0,45.0,13.0,16.0,9.0,8.0,6.0,21.0,50.0,203.0,62.0,2.0,21.0,836.0,40.0,11.0,13.0,57.0,8.0,73.0,20.0,6.0,6.0,44.0,53.0,33.0,19.0,22.0,30.0,14.0,26.0,16.0,34.0,96.0,355.0,141.0,47.0,10.0,41.0,45.0,30.0,536.0,17.0,12.0,27.0,21.0,86.0,33.0,21.0,45.0,936.0,784.0,85.0,66.0,83.0,1352.0,2986.0,926.0,33.0,1564.0,107.0,1481.0,297.0,100.0,60.0,48.0,178.0,114.0,328.0,82.0,17.0,72.0,348.0,22.0,36.0,133.0,575.0,101.0,243.0,46.0,1734.0,609.0,13.0,160.0,60.0,31.0,1912.0,29.0,53.0,528.0,171.0,17.0,637.0,1426.0,84.0,53.0,118.0,53.0,60.0,495.0,668.0,31.0,72.0,34.0,227.0,112.0,133.0,58.0,152.0,95.0,84.0,191.0,310.0,314.0,21.0,26.0,78.0,31.0,77.0,270.0,23.0,56.0,113.0,192.0,62.0,29.0,375.0,59.0,99.0,247.0,276.0,614.0,414.0,38.0,190.0,639.0,88.0,146.0,63.0,37.0,31.0,201.0,49.0,11.0,37.0,68.0,22.0,52.0,33.0,93.0,17.0,88.0,101.0,31.0,58.0,632.0,75.0,21.0,73.0,45.0,21.0,13.0,2.0,17.0,6.0,6.0,118.0,11.0,18.0,614.0,198.0,742.0,153.0,76.0,16.0,4.0,9.0,30.0,128.0,7.0,4.0,43.0,3.0,4.0,7.0,25.0,31.0,52.0,2.0,3.0,1.0,5.0,4.0,13.0,1.0,16.0,56.0,595.0,168.0,9.0,3.0,24.0,32.0,3.0,2.0,27.0,69.0,7.0,6.0,2.0,11.0,3.0,2.0,26.0,4.0,5.0,1.0,7.0,15.0,8.0,5.0,8.0,1.0,14.0,1.0,32.0,4.0,5.0,6.0,8.0,7.0,11.0,9.0,8.0,9.0,80.0,39.0,30.0,8.0,24.0,201.0,67.0,8.0,7.0,10.0,21.0,10.0,7.0,85.0,5.0,0.0,3.0,1.0,33.0,5.0,4.0,9.0,9.0,21.0,4.0,3.0,12.0,2.0,18.0,9.0,7.0,0.0
18.0,45.0,16.0,8.0,77.0,6.0,10.0,23.0,10.0,61.0,104.0,75.0,51.0,217.0,173.0,55.0,179.0,21.0,111.0,152.0,116.0,38.0,21.0,7.0,6.0,18.0,57.0,23.0,15.0,520.0,508.0,227.0,173.0,44.0,11.0,223.0,21.0,70.0,334.0,2490.0,2006.0,748.0,128.0,122.0,99.0,18.0,16.0,115.0,13.0,67.0,411.0,992.0,382.0,244.0,77.0,38.0,79.0,120.0,42.0,6.0,30.0,126.0,434.0,35.0,245.0,893.0,397.0,289.0,344.0,10.0,36.0,31.0,19.0,21.0,53.0,217.0,30.0,169.0,36.0,106.0,209.0,37.0,11.0,50.0,60.0,7.0,11.0,22.0,41.0,50.0,45.0,27.0,8.0,59.0,14.0,6.0,31.0,28.0,25.0,138.0,8.0,32.0,19.0,6.0,101.0,16.0,19.0,147.0,319.0,23.0,71.0,52.0,19.0,22.0,16.0,17.0,18.0,39.0,0.0,152.0,0.0,44.0,116.0,78.0,45.0,36.0,9.0,20.0,10.0,7.0,6.0,6.0,23.0,44.0,191.0,51.0,3.0,18.0,782.0,37.0,10.0,11.0,52.0,8.0,53.0,20.0,7.0,4.0,34.0,58.0,26.0,20.0,19.0,27.0,13.0,24.0,15.0,30.0,92.0,338.0,127.0,43.0,9.0,37.0,38.0,27.0,496.0,16.0,11.0,24.0,20.0,78.0,31.0,19.0,41.0,882.0,712.0,75.0,62.0,76.0,1227.0,2787.0,862.0,30.0,1480.0,98.0,1372.0,255.0,91.0,54.0,45.0,161.0,105.0,302.0,76.0,15.0,64.0,317.0,19.0,33.0,123.0,525.0,91.0,224.0,40.0,1600.0,557.0,11.0,147.0,54.0,28.0,1799.0,27.0,48.0,476.0,159.0,16.0,579.0,1288.0,77.0,47.0,112.0,48.0,55.0,471.0,610.0,28.0,66.0,31.0,207.0,103.0,122.0,53.0,139.0,87.0,73.0,177.0,282.0,293.0,19.0,24.0,71.0,28.0,71.0,245.0,21.0,49.0,104.0,173.0,56.0,27.0,348.0,54.0,86.0,229.0,249.0,571.0,376.0,35.0,172.0,584.0,81.0,134.0,58.0,34.0,28.0,180.0,46.0,11.0,32.0,49.0,20.0,40.0,42.0,82.0,15.0,76.0,93.0,16.0,53.0,567.0,65.0,19.0,71.0,35.0,18.0,11.0,2.0,16.0,6.0,6.0,107.0,10.0,16.0,596.0,180.0,700.0,134.0,68.0,15.0,3.0,8.0,27.0,119.0,6.0,4.0,40.0,3.0,6.0,7.0,17.0,27.0,49.0,2.0,3.0,1.0,4.0,4.0,10.0,1.0,14.0,52.0,552.0,159.0,9.0,3.0,20.0,30.0,3.0,2.0,24.0,65.0,7.0,6.0,2.0,11.0,3.0,2.0,23.0,4.0,4.0,1.0,6.0,15.0,5.0,5.0,9.0,1.0,11.0,1.0,30.0,4.0,5.0,5.0,7.0,4.0,17.0,4.0,6.0,10.0,77.0,38.0,27.0,8.0,20.0,178.0,47.0,7.0,7.0,7.0,13.0,5.0,9.0,48.0,4.0,0.0,3.0,1.0,16.0,5.0,3.0,7.0,8.0,14.0,4.0,3.0,12.0,5.0,0.0,4.0,6.0,3.0
16.0,43.0,17.0,7.0,70.0,6.0,10.0,24.0,10.0,62.0,101.0,71.0,51.0,210.0,172.0,56.0,184.0,19.0,116.0,151.0,113.0,39.0,17.0,8.0,6.0,17.0,56.0,23.0,15.0,526.0,513.0,239.0,162.0,46.0,11.0,208.0,21.0,70.0,334.0,2559.0,2065.0,750.0,130.0,123.0,91.0,18.0,14.0,116.0,13.0,66.0,421.0,1025.0,392.0,250.0,78.0,38.0,78.0,127.0,35.0,6.0,29.0,125.0,418.0,34.0,247.0,902.0,400.0,299.0,345.0,10.0,37.0,28.0,20.0,18.0,54.0,205.0,31.0,166.0,38.0,107.0,204.0,37.0,10.0,49.0,60.0,7.0,11.0,22.0,40.0,49.0,43.0,26.0,8.0,56.0,14.0,6.0,32.0,26.0,25.0,132.0,7.0,31.0,20.0,6.0,103.0,16.0,18.0,143.0,321.0,24.0,68.0,51.0,19.0,22.0,16.0,16.0,17.0,36.0,21.0,0.0,5.0,58.0,72.0,48.0,59.0,17.0,39.0,8.0,13.0,7.0,6.0,5.0,15.0,36.0,146.0,45.0,2.0,15.0,593.0,29.0,8.0,10.0,42.0,6.0,55.0,15.0,5.0,5.0,32.0,37.0,25.0,14.0,16.0,21.0,10.0,19.0,11.0,25.0,71.0,274.0,107.0,37.0,8.0,31.0,33.0,23.0,413.0,13.0,9.0,20.0,16.0,68.0,27.0,16.0,35.0,750.0,636.0,67.0,50.0,66.0,1085.0,2429.0,749.0,25.0,1241.0,86.0,1203.0,221.0,75.0,45.0,36.0,139.0,91.0,259.0,65.0,13.0,57.0,277.0,17.0,29.0,99.0,457.0,80.0,200.0,34.0,1384.0,477.0,10.0,127.0,48.0,23.0,1498.0,23.0,43.0,407.0,132.0,13.0,508.0,1134.0,70.0,44.0,91.0,43.0,51.0,423.0,533.0,25.0,59.0,27.0,181.0,90.0,106.0,45.0,121.0,76.0,68.0,148.0,240.0,250.0,17.0,20.0,60.0,24.0,60.0,214.0,18.0,43.0,87.0,149.0,49.0,23.0,299.0,47.0,77.0,193.0,218.0,490.0,330.0,30.0,151.0,509.0,71.0,116.0,50.0,29.0,24.0,156.0,37.0,8.0,27.0,50.0,16.0,38.0,22.0,71.0,13.0,69.0,79.0,23.0,46.0,496.0,58.0,16.0,50.0,32.0,16.0,10.0,2.0,12.0,4.0,5.0,87.0,8.0,13.0,458.0,149.0,556.0,115.0,58.0,12.0,3.0,7.0,23.0,97.0,5.0,3.0,33.0,3.0,3.0,6.0,19.0,24.0,40.0,2.0,3.0,1.0,4.0,3.0,10.0,1.0,12.0,42.0,444.0,127.0,7.0,2.0,18.0,25.0,3.0,2.0,20.0,51.0,5.0,5.0,2.0,9.0,3.0,2.0,21.0,3.0,4.0,1.0,6.0,12.0,6.0,4.0,6.0,1.0,11.0,1.0,24.0,3.0,4.0,4.0,6.0,5.0,7.0,7.0,6.0,7.0,59.0,29.0,23.0,6.0,18.0,142.0,43.0,5.0,4.0,3.0,12.0,7.0,3.0,56.0,1.0,0.0,3.0,1.0,27.0,4.0,3.0,7.0,6.0,15.0,3.0,3.0,9.0,1.0,16.0,8.0,5.0,0.0
17.0,42.0,15.0,8.0,73.0,5.0,10.0,22.0,10.0,59.0,99.0,71.0,49.0,210.0,168.0,53.0,171.0,19.0,111.0,149.0,112.0,36.0,19.0,6.0,5.0,17.0,53.0,22.0,14.0,518.0,508.0,225.0,165.0,42.0,10.0,209.0,20.0,69.0,332.0,2522.0,2026.0,746.0,126.0,117.0,92.0,17.0,15.0,110.0,13.0,65.0,411.0,1004.0,388.0,245.0,76.0,37.0,74.0,113.0,39.0,6.0,29.0,120.0,414.0,34.0,242.0,892.0,398.0,289.0,338.0,9.0,34.0,28.0,18.0,19.0,50.0,206.0,29.0,166.0,36.0,105.0,201.0,36.0,10.0,47.0,56.0,7.0,11.0,21.0,39.0,47.0,42.0,26.0,8.0,55.0,13.0,5.0,30.0,26.0,24.0,130.0,7.0,30.0,19.0,6.0,97.0,16.0,18.0,140.0,310.0,22.0,67.0,49.0,18.0,21.0,15.0,16.0,17.0,36.0,0.0,148.0,0.0,35.0,96.0,64.0,36.0,31.0,1.0,17.0,8.0,6.0,5.0,5.0,20.0,37.0,158.0,42.0,2.0,15.0,646.0,30.0,9.0,9.0,43.0,6.0,44.0,17.0,6.0,4.0,26.0,45.0,20.0,15.0,15.0,21.0,10.0,19.0,12.0,24.0,75.0,279.0,105.0,36.0,8.0,30.0,32.0,22.0,410.0,14.0,9.0,20.0,16.0,65.0,26.0,16.0,34.0,739.0,602.0,63.0,51.0,63.0,1034.0,2350.0,726.0,25.0,1235.0,83.0,1157.0,211.0,74.0,44.0,37.0,134.0,88.0,252.0,64.0,12.0,54.0,269.0,17.0,28.0,101.0,439.0,77.0,195.0,33.0,1340.0,464.0,10.0,123.0,46.0,23.0,1496.0,23.0,41.0,394.0,131.0,13.0,482.0,1077.0,66.0,41.0,93.0,40.0,48.0,414.0,507.0,24.0,56.0,26.0,172.0,85.0,101.0,44.0,114.0,72.0,63.0,146.0,233.0,240.0,16.0,20.0,59.0,23.0,59.0,202.0,17.0,41.0,87.0,144.0,47.0,22.0,286.0,45.0,73.0,191.0,208.0,474.0,311.0,29.0,144.0,487.0,67.0,112.0,48.0,28.0,23.0,149.0,38.0,9.0,26.0,40.0,16.0,32.0,34.0,68.0,13.0,64.0,78.0,13.0,45.0,476.0,55.0,16.0,59.0,29.0,15.0,9.0,2.0,13.0,5.0,5.0,87.0,9.0,13.0,481.0,146.0,569.0,111.0,56.0,13.0,3.0,7.0,22.0,97.0,5.0,3.0,32.0,3.0,5.0,5.0,15.0,24.0,39.0,2.0,3.0,1.0,4.0,3.0,9.0,1.0,12.0,42.0,446.0,129.0,7.0,3.0,18.0,28.0,3.0,2.0,20.0,53.0,5.0,5.0,2.0,9.0,3.0,2.0,21.0,4.0,4.0,1.0,6.0,14.0,5.0,4.0,8.0,1.0,10.0,1.0,25.0,3.0,4.0,4.0,6.0,3.0,14.0,3.0,5.0,8.0,59.0,29.0,21.0,7.0,15.0,140.0,37.0,6.0,6.0,4.0,10.0,4.0,8.0,31.0,2.0,0.0,3.0,1.0,15.0,4.0,3.0,7.0,7.0,13.0,3.0,3.0,11.0,5.0,0.0,4.0,5.0,3.0
15.0,40.0,16.0,7.0,67.0,5.0,9.0,22.0,9.0,58.0,96.0,68.0,48.0,200.0,164.0,53.0,171.0,18.0,111.0,144.0,107.0,36.0,16.0,7.0,5.0,16.0,51.0,21.0,14.0,508.0,495.0,226.0,152.0,42.0,10.0,194.0,20.0,67.0,323.0,2499.0,2021.0,725.0,123.0,114.0,84.0,17.0,13.0,107.0,13.0,63.0,406.0,1000.0,384.0,243.0,75.0,35.0,71.0,114.0,32.0,6.0,27.0,115.0,392.0,32.0,237.0,878.0,392.0,290.0,332.0,9.0,34.0,26.0,18.0,17.0,50.0,192.0,29.0,161.0,37.0,103.0,197.0,36.0,10.0,45.0,54.0,6.0,10.0,21.0,38.0,45.0,39.0,25.0,8.0,53.0,13.0,5.0,30.0,25.0,24.0,123.0,7.0,29.0,18.0,5.0,96.0,15.0,17.0,134.0,297.0,22.0,66.0,48.0,18.0,20.0,15.0,15.0,17.0,35.0,22.0,0.0,6.0,52.0,63.0,43.0,53.0,14.0,41.0,7.0,12.0,7.0,6.0,5.0,14.0,35.0,142.0,43.0,2.0,15.0,578.0,28.0,8.0,9.0,40.0,6.0,51.0,14.0,4.0,4.0,31.0,37.0,24.0,13.0,15.0,21.0,10.0,18.0,11.0,24.0,67.0,255.0,100.0,34.0,7.0,29.0,31.0,21.0,383.0,12.0,8.0,19.0,15.0,62.0,24.0,15.0,32.0,685.0,575.0,61.0,47.0,60.0,987.0,2203.0,681.0,24.0,1141.0,79.0,1093.0,202.0,69.0,42.0,34.0,128.0,84.0,234.0,59.0,12.0,51.0,248.0,16.0,26.0,92.0,407.0,72.0,182.0,32.0,1268.0,439.0,9.0,113.0,43.0,21.0,1398.0,21.0,38.0,384.0,124.0,12.0,450.0,998.0,62.0,39.0,86.0,38.0,46.0,382.0,471.0,22.0,52.0,24.0,160.0,80.0,93.0,41.0,107.0,67.0,61.0,135.0,217.0,222.0,15.0,18.0,54.0,22.0,54.0,190.0,16.0,39.0,79.0,134.0,44.0,21.0,266.0,42.0,69.0,174.0,195.0,438.0,293.0,27.0,135.0,454.0,63.0,104.0,45.0,26.0,22.0,140.0,33.0,8.0,25.0,46.0,15.0,35.0,21.0,64.0,12.0,60.0,70.0,22.0,40.0,433.0,51.0,15.0,49.0,31.0,15.0,9.0,2.0,12.0,4.0,5.0,84.0,8.0,13.0,445.0,142.0,531.0,109.0,55.0,12.0,3.0,6.0,22.0,92.0,5.0,3.0,31.0,2.0,3.0,5.0,19.0,23.0,39.0,2.0,3.0,1.0,4.0,3.0,10.0,1.0,12.0,40.0,432.0,124.0,7.0,2.0,18.0,25.0,3.0,2.0,19.0,50.0,5.0,5.0,2.0,9.0,3.0,2.0,20.0,3.0,4.0,1.0,6.0,11.0,6.0,4.0,6.0,1.0,10.0,1.0,24.0,3.0,4.0,4.0,6.0,5.0,7.0,7.0,5.0,7.0,56.0,28.0,22.0,6.0,16.0,125.0,37.0,5.0,4.0,2.0,10.0,7.0,3.0,57.0,0.0,0.0,2.0,1.0,26.0,4.0,3.0,7.0,6.0,14.0,3.0,3.0,9.0,1.0,16.0,7.0,5.0,0.0
16.0,39.0,14.0,7.0,68.0,5.0,9.0,21.0,9.0,57.0,96.0,69.0,47.0,203.0,163.0,52.0,164.0,18.0,109.0,146.0,108.0,35.0,18.0,6.0,5.0,15.0,50.0,21.0,14.0,511.0,503.0,221.0,157.0,39.0,10.0,196.0,19.0,67.0,326.0,2528.0,2032.0,740.0,123.0,112.0,86.0,16.0,14.0,103.0,12.0,63.0,405.0,1007.0,392.0,246.0,75.0,36.0,70.0,106.0,35.0,5.0,27.0,112.0,391.0,32.0,237.0,889.0,400.0,291.0,335.0,9.0,33.0,26.0,17.0,18.0,47.0,192.0,28.0,163.0,36.0,104.0,198.0,35.0,10.0,44.0,52.0,6.0,10.0,20.0,37.0,44.0,39.0,24.0,7.0,52.0,12.0,5.0,28.0,25.0,23.0,122.0,7.0,29.0,18.0,6.0,94.0,15.0,17.0,134.0,298.0,21.0,64.0,46.0,17.0,21.0,14.0,15.0,16.0,33.0,0.0,150.0,0.0,27.0,77.0,52.0,27.0,28.0,0.0,15.0,6.0,4.0,4.0,4.0,16.0,29.0,122.0,32.0,2.0,12.0,496.0,23.0,7.0,7.0,33.0,5.0,34.0,13.0,5.0,3.0,20.0,35.0,15.0,12.0,12.0,17.0,8.0,15.0,9.0,19.0,59.0,225.0,84.0,29.0,6.0,24.0,25.0,18.0,331.0,11.0,7.0,16.0,13.0,53.0,21.0,13.0,27.0,609.0,501.0,52.0,41.0,52.0,857.0,1956.0,603.0,20.0,1012.0,69.0,963.0,165.0,59.0,35.0,29.0,109.0,73.0,206.0,53.0,10.0,45.0,222.0,14.0,23.0,79.0,359.0,63.0,167.0,26.0,1104.0,378.0,8.0,101.0,38.0,18.0,1223.0,19.0,35.0,320.0,107.0,11.0,396.0,885.0,57.0,36.0,75.0,33.0,42.0,362.0,417.0,20.0,47.0,21.0,141.0,71.0,83.0,35.0,94.0,59.0,52.0,117.0,188.0,197.0,13.0,16.0,47.0,19.0,48.0,165.0,14.0,33.0,70.0,116.0,38.0,18.0,235.0,36.0,59.0,155.0,170.0,388.0,256.0,24.0,118.0,400.0,55.0,92.0,40.0,23.0,19.0,121.0,30.0,7.0,20.0,31.0,13.0,24.0,27.0,54.0,10.0,52.0,62.0,9.0,36.0,384.0,44.0,13.0,46.0,21.0,12.0,7.0,2.0,10.0,4.0,4.0,69.0,7.0,11.0,384.0,116.0,452.0,88.0,45.0,10.0,2.0,6.0,18.0,78.0,4.0,3.0,26.0,2.0,4.0,5.0,13.0,19.0,32.0,2.0,3.0,0.0,4.0,3.0,8.0,1.0,10.0,34.0,360.0,106.0,6.0,2.0,15.0,23.0,3.0,1.0,16.0,42.0,4.0,5.0,2.0,7.0,3.0,2.0,18.0,3.0,4.0,1.0,5.0,12.0,4.0,4.0,7.0,0.0,8.0,1.0,21.0,3.0,3.0,3.0,5.0,3.0,11.0,2.0,4.0,6.0,47.0,23.0,17.0,5.0,12.0,105.0,24.0,4.0,4.0,0.0,5.0,2.0,6.0,10.0,1.0,0.0,3.0,1.0,11.0,4.0,3.0,5.0,6.0,10.0,3.0,2.0,9.0,5.0,0.0,3.0,4.0,3.0
15.0,38.0,15.0,7.0,65.0,5.0,9.0,21.0,9.0,56.0,93.0,66.0,46.0,196.0,160.0,51.0,165.0,17.0,109.0,142.0,104.0,35.0,16.0,7.0,5.0,15.0,49.0,20.0,14.0,505.0,494.0,222.0,149.0,40.0,9.0,188.0,19.0,66.0,321.0,2510.0,2027.0,723.0,121.0,110.0,81.0,16.0,13.0,102.0,12.0,62.0,403.0,1003.0,387.0,243.0,74.0,34.0,68.0,108.0,31.0,6.0,26.0,110.0,380.0,32.0,234.0,877.0,393.0,289.0,328.0,9.0,32.0,25.0,17.0,17.0,47.0,185.0,28.0,159.0,36.0,102.0,193.0,34.0,9.0,43.0,51.0,6.0,10.0,20.0,36.0,43.0,38.0,24.0,7.0,51.0,12.0,5.0,29.0,24.0,23.0,118.0,7.0,28.0,18.0,5.0,92.0,14.0,16.0,129.0,290.0,22.0,64.0,46.0,17.0,20.0,14.0,14.0,16.0,33.0,23.0,0.0,6.0,43.0,50.0,34.0,44.0,8.0,39.0,5.0,10.0,6.0,5.0,4.0,11.0,29.0,117.0,35.0,2.0,12.0,470.0,23.0,6.0,8.0,33.0,5.0,42.0,11.0,4.0,4.0,24.0,28.0,19.0,10.0,12.0,16.0,8.0,14.0,9.0,19.0,54.0,210.0,81.0,28.0,6.0,24.0,25.0,17.0,315.0,10.0,7.0,16.0,13.0,52.0,20.0,12.0,27.0,572.0,481.0,51.0,38.0,50.0,824.0,1846.0,569.0,19.0,949.0,66.0,915.0,165.0,56.0,34.0,28.0,106.0,70.0,196.0,50.0,9.0,43.0,212.0,14.0,22.0,75.0,340.0,61.0,160.0,26.0,1053.0,363.0,8.0,95.0,36.0,17.0,1157.0,18.0,33.0,315.0,102.0,10.0,375.0,836.0,54.0,34.0,71.0,32.0,40.0,340.0,393.0,19.0,45.0,20.0,133.0,67.0,78.0,34.0,88.0,56.0,52.0,111.0,179.0,184.0,12.0,15.0,45.0,18.0,45.0,156.0,13.0,32.0,65.0,111.0,36.0,17.0,220.0,35.0,57.0,145.0,162.0,364.0,243.0,22.0,112.0,378.0,52.0,87.0,38.0,22.0,18.0,116.0,27.0,6.0,20.0,38.0,12.0,29.0,17.0,53.0,10.0,51.0,58.0,18.0,34.0,363.0,43.0,12.0,39.0,26.0,12.0,8.0,1.0,10.0,4.0,4.0,68.0,7.0,10.0,359.0,115.0,430.0,88.0,45.0,10.0,2.0,5.0,18.0,75.0,4.0,2.0,26.0,2.0,3.0,5.0,17.0,20.0,31.0,1.0,2.0,0.0,3.0,3.0,9.0,1.0,10.0,33.0,352.0,102.0,6.0,2.0,16.0,23.0,3.0,1.0,16.0,40.0,4.0,5.0,2.0,7.0,3.0,2.0,19.0,3.0,4.0,1.0,5.0,11.0,5.0,4.0,5.0,1.0,9.0,1.0,20.0,3.0,3.0,4.0,5.0,4.0,5.0,5.0,4.0,5.0,43.0,21.0,17.0,5.0,13.0,95.0,27.0,4.0,3.0,0.0,7.0,6.0,2.0,48.0,0.0,0.0,2.0,1.0,25.0,4.0,3.0,6.0,6.0,13.0,3.0,2.0,8.0,1.0,17.0,7.0,5.0,0.0
15.0,37.0,14.0,7.0,65.0,5.0,9.0,21.0,9.0,55.0,92.0,66.0,45.0,195.0,157.0,50.0,157.0,17.0,106.0,140.0,103.0,33.0,17.0,6.0,5.0,15.0,47.0,20.0,13.0,497.0,488.0,214.0,149.0,37.0,9.0,185.0,19.0,65.0,317.0,2482.0,1997.0,719.0,118.0,106.0,81.0,15.0,13.0,98.0,12.0,61.0,395.0,988.0,384.0,240.0,72.0,34.0,66.0,99.0,33.0,5.0,25.0,106.0,372.0,31.0,230.0,869.0,392.0,284.0,325.0,9.0,31.0,25.0,16.0,17.0,45.0,183.0,27.0,158.0,35.0,101.0,192.0,34.0,9.0,41.0,49.0,6.0,10.0,20.0,36.0,42.0,37.0,23.0,7.0,50.0,12.0,5.0,27.0,24.0,22.0,116.0,6.0,27.0,17.0,5.0,89.0,14.0,16.0,127.0,282.0,20.0,63.0,45.0,16.0,20.0,14.0,14.0,15.0,32.0,0.0,162.0,0.0,24.0,69.0,47.0,24.0,28.0,0.0,14.0,5.0,4.0,4.0,4.0,15.0,28.0,116.0,31.0,2.0,11.0,474.0,22.0,7.0,7.0,32.0,5.0,32.0,12.0,4.0,3.0,19.0,33.0,15.0,12.0,11.0,16.0,8.0,14.0,9.0,18.0,54.0,206.0,78.0,27.0,6.0,23.0,23.0,17.0,303.0,10.0,7.0,15.0,12.0,49.0,20.0,12.0,25.0,551.0,454.0,47.0,37.0,47.0,778.0,1766.0,546.0,18.0,920.0,63.0,872.0,152.0,54.0,33.0,27.0,100.0,67.0,186.0,48.0,9.0,40.0,201.0,13.0,21.0,72.0,321.0,57.0,153.0,24.0,1005.0,345.0,7.0,89.0,34.0,17.0,1123.0,17.0,31.0,298.0,99.0,10.0,352.0,786.0,51.0,32.0,69.0,30.0,38.0,332.0,370.0,18.0,42.0,19.0,126.0,63.0,74.0,32.0,84.0,52.0,47.0,107.0,170.0,175.0,12.0,14.0,43.0,17.0,43.0,147.0,13.0,30.0,63.0,105.0,34.0,16.0,209.0,33.0,53.0,139.0,152.0,346.0,228.0,21.0,105.0,357.0,49.0,82.0,36.0,21.0,17.0,109.0,27.0,6.0,18.0,28.0,12.0,23.0,25.0,49.0,9.0,46.0,55.0,9.0,32.0,338.0,39.0,12.0,44.0,21.0,11.0,7.0,1.0,10.0,4.0,4.0,66.0,7.0,10.0,364.0,111.0,424.0,83.0,42.0,10.0,2.0,5.0,17.0,74.0,4.0,2.0,25.0,2.0,4.0,5.0,13.0,19.0,31.0,1.0,3.0,0.0,3.0,3.0,8.0,1.0,10.0,33.0,346.0,102.0,6.0,2.0,15.0,23.0,3.0,1.0,15.0,40.0,4.0,5.0,2.0,7.0,3.0,2.0,18.0,3.0,4.0,1.0,5.0,12.0,4.0,4.0,6.0,0.0,8.0,1.0,20.0,3.0,3.0,4.0,5.0,3.0,11.0,2.0,4.0,6.0,44.0,22.0,15.0,5.0,11.0,93.0,21.0,3.0,3.0,0.0,4.0,1.0,6.0,5.0,0.0,0.0,3.0,1.0,10.0,3.0,3.0,5.0,6.0,10.0,3.0,2.0,9.0,5.0,0.0,3.0,4.0,3.0
14.0,36.0,14.0,6.0,62.0,5.0,9.0,21.0,9.0,54.0,91.0,64.0,45.0,191.0,156.0,50.0,159.0,16.0,107.0,139.0,101.0,33.0,15.0,6.0,5.0,14.0,46.0,19.0,13.0,497.0,487.0,217.0,145.0,38.0,9.0,180.0,19.0,64.0,316.0,2493.0,2014.0,715.0,118.0,106.0,77.0,15.0,12.0,97.0,12.0,60.0,396.0,996.0,386.0,241.0,73.0,33.0,65.0,101.0,30.0,5.0,24.0,104.0,364.0,31.0,229.0,868.0,392.0,287.0,324.0,9.0,31.0,23.0,16.0,16.0,45.0,177.0,27.0,156.0,36.0,101.0,191.0,34.0,9.0,41.0,49.0,6.0,10.0,20.0,35.0,41.0,36.0,22.0,7.0,49.0,12.0,5.0,27.0,23.0,22.0,113.0,6.0,27.0,17.0,5.0,89.0,14.0,16.0,124.0,279.0,21.0,62.0,44.0,16.0,19.0,14.0,14.0,15.0,32.0,24.0,0.0,6.0,36.0,40.0,28.0,37.0,3.0,40.0,3.0,9.0,5.0,4.0,3.0,9.0,24.0,96.0,29.0,1.0,10.0,383.0,19.0,5.0,6.0,28.0,4.0,36.0,10.0,3.0,3.0,21.0,23.0,16.0,9.0,10.0,14.0,7.0,12.0,7.0,16.0,45.0,176.0,68.0,24.0,5.0,20.0,21.0,15.0,264.0,8.0,6.0,13.0,11.0,44.0,17.0,10.0,22.0,486.0,410.0,43.0,32.0,42.0,700.0,1576.0,485.0,16.0,805.0,56.0,781.0,135.0,47.0,29.0,23.0,89.0,59.0,165.0,42.0,8.0,37.0,182.0,12.0,19.0,62.0,287.0,52.0,142.0,21.0,893.0,306.0,7.0,80.0,31.0,15.0,980.0,15.0,29.0,266.0,87.0,9.0,317.0,708.0,47.0,30.0,60.0,27.0,35.0,306.0,333.0,16.0,38.0,17.0,113.0,57.0,66.0,29.0,75.0,47.0,44.0,93.0,150.0,155.0,10.0,13.0,38.0,15.0,38.0,132.0,11.0,27.0,54.0,93.0,31.0,14.0,186.0,29.0,48.0,121.0,136.0,308.0,205.0,19.0,95.0,319.0,44.0,74.0,32.0,19.0,15.0,97.0,23.0,5.0,17.0,31.0,10.0,24.0,14.0,44.0,8.0,42.0,48.0,15.0,28.0,302.0,35.0,10.0,32.0,22.0,10.0,7.0,1.0,8.0,3.0,3.0,57.0,6.0,9.0,302.0,96.0,361.0,74.0,38.0,8.0,2.0,5.0,15.0,65.0,4.0,2.0,22.0,2.0,3.0,4.0,15.0,17.0,27.0,1.0,2.0,0.0,3.0,3.0,8.0,1.0,9.0,29.0,303.0,88.0,5.0,2.0,14.0,21.0,2.0,1.0,13.0,34.0,4.0,5.0,2.0,6.0,2.0,2.0,17.0,3.0,4.0,1.0,5.0,10.0,5.0,3.0,5.0,0.0,8.0,1.0,18.0,3.0,3.0,3.0,4.0,3.0,4.0,5.0,4.0,4.0,36.0,18.0,14.0,4.0,10.0,72.0,18.0,3.0,2.0,0.0,4.0,6.0,0.0,41.0,0.0,0.0,2.0,0.0,23.0,4.0,2.0,5.0,5.0,11.0,3.0,2.0,6.0,0.0,16.0,6.0,4.0,0.0
14.0,36.0,14.0,6.0,63.0,5.0,9.0,20.0,9.0,53.0,90.0,64.0,44.0,191.0,154.0,49.0,154.0,16.0,105.0,138.0,101.0,32.0,16.0,6.0,5.0,14.0,45.0,19.0,13.0,494.0,485.0,211.0,146.0,36.0,9.0,180.0,18.0,64.0,315.0,2482.0,1997.0,714.0,117.0,103.0,78.0,15.0,12.0,95.0,11.0,60.0,392.0,988.0,384.0,240.0,71.0,33.0,64.0,96.0,31.0,5.0,24.0,102.0,362.0,30.0,227.0,864.0,390.0,283.0,321.0,9.0,30.0,24.0,16.0,16.0,43.0,177.0,26.0,156.0,35.0,100.0,189.0,33.0,9.0,40.0,47.0,6.0,10.0,19.0,35.0,41.0,35.0,22.0,7.0,48.0,11.0,5.0,26.0,23.0,22.0,112.0,6.0,26.0,17.0,5.0,87.0,14.0,15.0,123.0,276.0,20.0,61.0,43.0,16.0,19.0,13.0,14.0,15.0,31.0,0.0,172.0,0.0,19.0,57.0,39.0,19.0,27.0,0.0,13.0,4.0,3.0,4.0,3.0,13.0,23.0,95.0,25.0,2.0,9.0,388.0,18.0,6.0,6.0,26.0,4.0,26.0,10.0,4.0,3.0,15.0,26.0,11.0,9.0,9.0,13.0,6.0,12.0,7.0,15.0,44.0,170.0,64.0,22.0,5.0,19.0,20.0,14.0,251.0,8.0,6.0,12.0,10.0,41.0,16.0,10.0,21.0,461.0,381.0,40.0,31.0,40.0,652.0,1482.0,457.0,15.0,767.0,53.0,732.0,125.0,44.0,27.0,22.0,84.0,56.0,157.0,40.0,7.0,35.0,173.0,11.0,18.0,59.0,271.0,49.0,137.0,20.0,837.0,287.0,6.0,76.0,29.0,14.0,934.0,14.0,27.0,247.0,82.0,8.0,297.0,666.0,45.0,28.0,57.0,26.0,34.0,299.0,313.0,16.0,36.0,16.0,106.0,54.0,62.0,27.0,70.0,44.0,41.0,89.0,141.0,146.0,10.0,12.0,36.0,14.0,36.0,122.0,11.0,25.0,52.0,87.0,28.0,14.0,174.0,27.0,44.0,116.0,127.0,289.0,190.0,18.0,88.0,299.0,42.0,69.0,30.0,17.0,14.0,91.0,23.0,5.0,15.0,23.0,10.0,19.0,20.0,41.0,8.0,39.0,46.0,7.0,27.0,284.0,33.0,10.0,37.0,17.0,9.0,6.0,1.0,8.0,3.0,3.0,54.0,5.0,9.0,298.0,90.0,347.0,69.0,35.0,8.0,2.0,4.0,14.0,62.0,4.0,2.0,21.0,2.0,4.0,4.0,12.0,16.0,26.0,1.0,2.0,0.0,3.0,3.0,7.0,1.0,9.0,28.0,288.0,85.0,5.0,2.0,13.0,21.0,2.0,1.0,13.0,33.0,4.0,5.0,2.0,6.0,2.0,2.0,16.0,3.0,4.0,1.0,5.0,11.0,4.0,3.0,6.0,0.0,7.0,1.0,18.0,3.0,3.0,3.0,4.0,2.0,9.0,2.0,3.0,5.0,34.0,17.0,12.0,4.0,8.0,72.0,14.0,2.0,2.0,0.0,3.0,0.0,6.0,0.0,0.0,0.0,3.0,1.0,9.0,3.0,2.0,5.0,5.0,9.0,3.0,2.0,8.0,5.0,0.0,2.0,4.0,3.0
14.0,35.0,14.0,6.0,61.0,5.0,8.0,20.0,9.0,53.0,88.0,62.0,44.0,186.0,152.0,48.0,153.0,16.0,104.0,136.0,98.0,32.0,15.0,6.0,4.0,14.0,44.0,19.0,13.0,487.0,476.0,211.0,140.0,36.0,9.0,174.0,18.0,63.0,310.0,2456.0,1986.0,701.0,115.0,102.0,74.0,14.0,12.0,94.0,11.0,59.0,388.0,980.0,380.0,237.0,71.0,32.0,63.0,96.0,29.0,5.0,24.0,101.0,353.0,30.0,224.0,854.0,386.0,282.0,316.0,9.0,30.0,23.0,16.0,15.0,43.0,172.0,26.0,153.0,35.0,99.0,186.0,33.0,9.0,39.0,46.0,5.0,10.0,19.0,34.0,40.0,35.0,22.0,7.0,48.0,11.0,5.0,26.0,22.0,21.0,109.0,6.0,26.0,16.0,5.0,86.0,13.0,15.0,120.0,269.0,20.0,61.0,43.0,16.0,19.0,13.0,13.0,15.0,31.0,26.0,0.0,7.0,33.0,36.0,25.0,33.0,0.0,43.0,2.0,9.0,4.0,4.0,3.0,8.0,23.0,91.0,27.0,1.0,10.0,362.0,18.0,5.0,6.0,26.0,4.0,33.0,9.0,3.0,3.0,19.0,22.0,14.0,8.0,10.0,13.0,6.0,11.0,7.0,15.0,42.0,161.0,62.0,21.0,5.0,18.0,19.0,13.0,241.0,8.0,5.0,12.0,10.0,40.0,16.0,10.0,20.0,439.0,369.0,39.0,29.0,38.0,631.0,1419.0,437.0,15.0,729.0,51.0,703.0,123.0,43.0,26.0,21.0,81.0,54.0,149.0,38.0,7.0,33.0,165.0,11.0,17.0,57.0,258.0,47.0,132.0,20.0,807.0,277.0,6.0,72.0,28.0,13.0,893.0,13.0,26.0,243.0,79.0,8.0,283.0,632.0,43.0,28.0,55.0,24.0,33.0,284.0,298.0,15.0,35.0,15.0,101.0,51.0,59.0,26.0,67.0,42.0,41.0,85.0,135.0,139.0,9.0,12.0,34.0,14.0,34.0,117.0,10.0,24.0,49.0,83.0,27.0,13.0,165.0,26.0,43.0,109.0,121.0,274.0,182.0,17.0,84.0,284.0,40.0,66.0,29.0,17.0,14.0,88.0,21.0,5.0,15.0,28.0,9.0,22.0,13.0,40.0,7.0,37.0,43.0,14.0,25.0,269.0,32.0,9.0,30.0,21.0,10.0,6.0,1.0,8.0,3.0,3.0,53.0,5.0,8.0,285.0,90.0,336.0,69.0,35.0,8.0,2.0,4.0,14.0,61.0,4.0,2.0,21.0,2.0,3.0,4.0,14.0,17.0,26.0,1.0,2.0,0.0,3.0,3.0,8.0,1.0,9.0,27.0,288.0,84.0,5.0,2.0,13.0,20.0,2.0,1.0,13.0,32.0,4.0,5.0,2.0,6.0,2.0,2.0,16.0,3.0,4.0,1.0,5.0,10.0,5.0,3.0,5.0,0.0,8.0,1.0,17.0,3.0,3.0,3.0,4.0,3.0,4.0,5.0,3.0,4.0,33.0,16.0,13.0,4.0,9.0,63.0,15.0,2.0,1.0,0.0,3.0,6.0,0.0,43.0,0.0,0.0,2.0,0.0,22.0,4.0,2.0,5.0,5.0,10.0,3.0,2.0,6.0,0.0,17.0,6.0,4.0,0.0
14.0,35.0,13.0,6.0,61.0,5.0,8.0,20.0,9.0,52.0,88.0,62.0,43.0,186.0,151.0,48.0,150.0,16.0,103.0,135.0,98.0,31.0,15.0,6.0,4.0,14.0,44.0,18.0,12.0,486.0,477.0,207.0,141.0,35.0,9.0,174.0,18.0,62.0,310.0,2458.0,1980.0,704.0,114.0,100.0,75.0,14.0,12.0,92.0,11.0,58.0,386.0,978.0,381.0,237.0,70.0,32.0,62.0,93.0,30.0,5.0,23.0,99.0,350.0,30.0,223.0,853.0,387.0,280.0,317.0,9.0,29.0,23.0,15.0,15.0,42.0,170.0,26.0,153.0,35.0,99.0,186.0,32.0,9.0,39.0,45.0,5.0,10.0,19.0,34.0,39.0,34.0,21.0,7.0,47.0,11.0,5.0,26.0,22.0,21.0,108.0,6.0,26.0,16.0,5.0,84.0,13.0,15.0,119.0,267.0,20.0,60.0,42.0,16.0,19.0,13.0,13.0,14.0,30.0,0.0,187.0,0.0,16.0,50.0,34.0,16.0,27.0,0.0,13.0,3.0,3.0,3.0,3.0,12.0,20.0,82.0,22.0,1.0,8.0,334.0,16.0,5.0,5.0,23.0,4.0,23.0,9.0,3.0,2.0,13.0,23.0,10.0,8.0,8.0,11.0,5.0,10.0,6.0,13.0,38.0,147.0,55.0,19.0,4.0,16.0,17.0,12.0,217.0,7.0,5.0,11.0,9.0,36.0,14.0,9.0,18.0,401.0,333.0,35.0,27.0,35.0,569.0,1292.0,398.0,13.0,666.0,46.0,639.0,108.0,38.0,23.0,19.0,73.0,49.0,136.0,35.0,7.0,30.0,153.0,10.0,16.0,51.0,235.0,43.0,125.0,17.0,728.0,249.0,5.0,66.0,26.0,12.0,812.0,12.0,24.0,215.0,71.0,7.0,258.0,580.0,40.0,26.0,50.0,23.0,30.0,274.0,273.0,14.0,32.0,14.0,92.0,47.0,54.0,23.0,61.0,38.0,36.0,77.0,122.0,127.0,9.0,10.0,31.0,12.0,31.0,106.0,9.0,22.0,45.0,75.0,25.0,12.0,151.0,24.0,38.0,100.0,110.0,250.0,165.0,16.0,76.0,259.0,36.0,60.0,26.0,15.0,13.0,79.0,20.0,5.0,13.0,20.0,8.0,16.0,18.0,35.0,7.0,33.0,40.0,6.0,23.0,243.0,28.0,8.0,32.0,15.0,8.0,5.0,1.0,7.0,3.0,3.0,47.0,5.0,8.0,262.0,80.0,303.0,60.0,31.0,7.0,2.0,4.0,13.0,56.0,3.0,2.0,19.0,2.0,3.0,4.0,11.0,15.0,23.0,1.0,2.0,0.0,3.0,3.0,7.0,1.0,8.0,25.0,260.0,78.0,5.0,2.0,12.0,20.0,2.0,1.0,11.0,30.0,3.0,5.0,2.0,5.0,2.0,2.0,15.0,3.0,3.0,1.0,4.0,10.0,4.0,3.0,5.0,0.0,7.0,1.0,16.0,3.0,3.0,3.0,4.0,2.0,8.0,1.0,3.0,4.0,30.0,15.0,11.0,3.0,7.0,58.0,9.0,1.0,1.0,0.0,1.0,0.0,6.0,0.0,0.0,0.0,3.0,1.0,7.0,3.0,2.0,4.0,4.0,8.0,2.0,2.0,7.0,5.0,0.0,2.0,4.0,3.0
13.0,34.0,13.0,6.0,59.0,5.0,8.0,20.0,9.0,52.0,87.0,61.0,43.0,183.0,150.0,47.0,150.0,15.0,103.0,134.0,96.0,31.0,15.0,6.0,4.0,13.0,43.0,18.0,12.0,483.0,473.0,208.0,138.0,35.0,8.0,171.0,18.0,62.0,308.0,2449.0,1980.0,697.0,114.0,100.0,73.0,14.0,12.0,92.0,11.0,58.0,385.0,976.0,379.0,236.0,70.0,32.0,61.0,93.0,28.0,5.0,23.0,98.0,346.0,29.0,222.0,849.0,385.0,280.0,314.0,8.0,29.0,22.0,15.0,15.0,42.0,168.0,26.0,152.0,35.0,98.0,184.0,32.0,9.0,38.0,45.0,5.0,10.0,19.0,34.0,39.0,34.0,21.0,7.0,47.0,11.0,5.0,26.0,22.0,21.0,107.0,6.0,25.0,16.0,5.0,84.0,13.0,15.0,118.0,264.0,20.0,59.0,42.0,16.0,18.0,13.0,13.0,14.0,30.0,29.0,0.0,7.0,28.0,30.0,21.0,29.0,0.0,45.0,0.0,8.0,4.0,3.0,3.0,7.0,19.0,76.0,23.0,1.0,8.0,301.0,15.0,4.0,5.0,22.0,4.0,29.0,8.0,3.0,3.0,16.0,18.0,12.0,7.0,8.0,10.0,5.0,9.0,6.0,12.0,34.0,135.0,52.0,18.0,4.0,15.0,16.0,11.0,202.0,7.0,5.0,10.0,8.0,34.0,13.0,8.0,17.0,372.0,313.0,33.0,25.0,32.0,534.0,1203.0,370.0,13.0,616.0,43.0,596.0,103.0,36.0,22.0,18.0,69.0,46.0,128.0,33.0,6.0,29.0,145.0,10.0,16.0,47.0,221.0,41.0,120.0,16.0,680.0,233.0,5.0,62.0,24.0,11.0,753.0,11.0,23.0,204.0,67.0,7.0,242.0,545.0,38.0,25.0,46.0,21.0,29.0,261.0,256.0,13.0,31.0,13.0,87.0,45.0,51.0,22.0,57.0,36.0,36.0,72.0,114.0,118.0,8.0,10.0,29.0,12.0,29.0,99.0,9.0,21.0,42.0,70.0,23.0,11.0,140.0,23.0,37.0,93.0,103.0,233.0,154.0,15.0,72.0,242.0,34.0,56.0,24.0,14.0,12.0,75.0,18.0,4.0,13.0,24.0,8.0,18.0,11.0,34.0,6.0,32.0,37.0,12.0,22.0,229.0,27.0,8.0,25.0,18.0,9.0,5.0,1.0,7.0,3.0,3.0,44.0,5.0,7.0,239.0,76.0,282.0,58.0,30.0,7.0,2.0,4.0,12.0,52.0,3.0,2.0,18.0,2.0,3.0,4.0,13.0,15.0,22.0,1.0,2.0,0.0,3.0,2.0,7.0,1.0,8.0,24.0,248.0,73.0,5.0,2.0,12.0,19.0,2.0,1.0,11.0,28.0,3.0,5.0,2.0,5.0,2.0,2.0,15.0,3.0,3.0,1.0,5.0,9.0,4.0,3.0,4.0,0.0,7.0,1.0,16.0,3.0,3.0,3.0,4.0,3.0,3.0,4.0,3.0,3.0,27.0,13.0,11.0,3.0,7.0,48.0,9.0,2.0,1.0,0.0,1.0,6.0,0.0,41.0,0.0,0.0,2.0,0.0,22.0,3.0,2.0,5.0,5.0,9.0,2.0,2.0,5.0,0.0,17.0,6.0,4.0,0.0
13.0,34.0,13.0,6.0,59.0,5.0,8.0,19.0,9.0,51.0,86.0,61.0,42.0,182.0,148.0,47.0,147.0,15.0,101.0,133.0,96.0,31.0,15.0,6.0,4.0,13.0,43.0,18.0,12.0,478.0,470.0,204.0,138.0,34.0,8.0,169.0,17.0,61.0,305.0,2431.0,1961.0,693.0,112.0,98.0,73.0,14.0,12.0,90.0,11.0,57.0,381.0,967.0,377.0,234.0,69.0,32.0,60.0,90.0,29.0,5.0,23.0,96.0,342.0,29.0,219.0,843.0,382.0,277.0,311.0,8.0,29.0,22.0,15.0,15.0,41.0,166.0,25.0,151.0,34.0,97.0,183.0,32.0,9.0,38.0,44.0,5.0,9.0,19.0,33.0,38.0,33.0,21.0,7.0,46.0,11.0,5.0,25.0,22.0,21.0,106.0,6.0,25.0,16.0,5.0,82.0,13.0,15.0,116.0,261.0,19.0,59.0,41.0,15.0,18.0,13.0,13.0,14.0,30.0,0.0,206.0,0.0,14.0,45.0,31.0,15.0,28.0,0.0,13.0,2.0,3.0,3.0,3.0,12.0,19.0,77.0,21.0,1.0,8.0,311.0,15.0,5.0,5.0,21.0,4.0,21.0,9.0,3.0,2.0,13.0,21.0,9.0,7.0,7.0,10.0,5.0,9.0,6.0,12.0,35.0,134.0,50.0,17.0,4.0,15.0,16.0,11.0,197.0,7.0,5.0,10.0,8.0,32.0,13.0,8.0,17.0,361.0,299.0,31.0,24.0,31.0,512.0,1159.0,358.0,12.0,599.0,41.0,574.0,98.0,35.0,21.0,18.0,66.0,44.0,123.0,32.0,6.0,28.0,140.0,9.0,15.0,46.0,212.0,39.0,117.0,16.0,655.0,225.0,5.0,59.0,23.0,11.0,734.0,11.0,22.0,196.0,65.0,7.0,232.0,523.0,37.0,24.0,45.0,20.0,28.0,258.0,246.0,13.0,30.0,12.0,83.0,43.0,49.0,21.0,55.0,35.0,33.0,69.0,110.0,114.0,8.0,9.0,28.0,11.0,28.0,95.0,8.0,20.0,41.0,68.0,22.0,11.0,135.0,22.0,35.0,90.0,98.0,223.0,147.0,14.0,68.0,232.0,32.0,54.0,23.0,14.0,11.0,71.0,18.0,4.0,12.0,18.0,8.0,15.0,16.0,32.0,6.0,30.0,35.0,6.0,21.0,218.0,26.0,8.0,30.0,14.0,8.0,5.0,1.0,7.0,3.0,3.0,44.0,4.0,7.0,244.0,74.0,280.0,56.0,29.0,7.0,2.0,4.0,12.0,52.0,3.0,2.0,18.0,2.0,3.0,4.0,11.0,14.0,22.0,1.0,2.0,0.0,3.0,2.0,7.0,1.0,8.0,24.0,246.0,74.0,5.0,2.0,12.0,19.0,2.0,1.0,11.0,28.0,3.0,5.0,2.0,5.0,2.0,2.0,15.0,3.0,3.0,1.0,4.0,10.0,4.0,3.0,5.0,0.0,7.0,1.0,16.0,3.0,3.0,3.0,3.0,2.0,8.0,2.0,3.0,4.0,27.0,14.0,10.0,3.0,7.0,51.0,8.0,1.0,1.0,0.0,0.0,0.0,6.0,0.0,0.0,0.0,3.0,1.0,6.0,3.0,2.0,4.0,4.0,8.0,2.0,2.0,7.0,5.0,0.0,2.0,3.0,3.0
13.0,33.0,13.0,6.0,58.0,5.0,8.0,19.0,8.0,51.0,85.0,60.0,42.0,180.0,147.0,46.0,147.0,15.0,101.0,132.0,95.0,31.0,14.0,6.0,4.0,13.0,42.0,18.0,12.0,477.0,467.0,204.0,136.0,34.0,8.0,167.0,17.0,61.0,304.0,2425.0,1962.0,688.0,112.0,98.0,71.0,13.0,11.0,89.0,11.0,57.0,379.0,966.0,376.0,234.0,69.0,31.0,60.0,90.0,27.0,5.0,22.0,95.0,338.0,29.0,218.0,839.0,381.0,277.0,310.0,8.0,29.0,22.0,15.0,15.0,41.0,164.0,25.0,150.0,34.0,97.0,182.0,32.0,8.0,37.0,44.0,5.0,9.0,19.0,33.0,38.0,33.0,21.0,7.0,46.0,11.0,5.0,25.0,21.0,20.0,105.0,6.0,25.0,16.0,5.0,82.0,13.0,15.0,115.0,259.0,19.0,59.0,41.0,15.0,18.0,13.0,13.0,14.0,29.0,32.0,0.0,8.0,25.0,26.0,18.0,26.0,0.0,49.0,0.0,8.0,3.0,3.0,2.0,6.0,18.0,68.0,21.0,1.0,7.0,269.0,13.0,4.0,5.0,20.0,3.0,26.0,7.0,2.0,2.0,14.0,16.0,11.0,6.0,7.0,9.0,5.0,9.0,5.0,11.0,31.0,121.0,46.0,16.0,4.0,14.0,15.0,10.0,180.0,6.0,4.0,9.0,8.0,30.0,12.0,7.0,15.0,331.0,278.0,29.0,22.0,29.0,475.0,1070.0,329.0,11.0,548.0,38.0,530.0,91.0,32.0,20.0,16.0,61.0,41.0,114.0,30.0,6.0,26.0,132.0,9.0,14.0,42.0,197.0,36.0,112.0,15.0,604.0,207.0,5.0,55.0,22.0,10.0,671.0,10.0,21.0,182.0,60.0,6.0,216.0,487.0,35.0,23.0,41.0,19.0,27.0,245.0,229.0,12.0,28.0,11.0,77.0,40.0,45.0,19.0,51.0,32.0,32.0,64.0,101.0,105.0,7.0,9.0,26.0,10.0,25.0,88.0,8.0,18.0,37.0,62.0,21.0,10.0,124.0,20.0,32.0,82.0,91.0,206.0,137.0,13.0,63.0,214.0,30.0,50.0,22.0,13.0,10.0,67.0,16.0,4.0,11.0,21.0,7.0,16.0,9.0,30.0,6.0,28.0,32.0,10.0,19.0,202.0,24.0,7.0,23.0,17.0,8.0,5.0,1.0,6.0,2.0,3.0,40.0,4.0,6.0,218.0,69.0,255.0,53.0,27.0,6.0,2.0,4.0,12.0,49.0,3.0,2.0,17.0,2.0,3.0,3.0,13.0,14.0,21.0,1.0,2.0,0.0,3.0,2.0,7.0,1.0,8.0,22.0,232.0,69.0,4.0,2.0,11.0,18.0,2.0,1.0,10.0,26.0,3.0,4.0,2.0,5.0,2.0,2.0,15.0,3.0,3.0,1.0,4.0,9.0,4.0,3.0,4.0,0.0,7.0,1.0,15.0,2.0,2.0,3.0,4.0,3.0,3.0,4.0,3.0,3.0,24.0,12.0,10.0,3.0,6.0,39.0,6.0,1.0,0.0,0.0,0.0,6.0,0.0,42.0,0.0,0.0,2.0,0.0,21.0,3.0,2.0,4.0,4.0,9.0,2.0,2.0,5.0,0.0,17.0,6.0,4.0,0.0
13.0,33.0,13.0,6.0,58.0,4.0,8.0,19.0,8.0,50.0,85.0,60.0,42.0,180.0,146.0,46.0,145.0,15.0,100.0,131.0,94.0,30.0,15.0,5.0,4.0,13.0,42.0,18.0,12.0,475.0,466.0,202.0,136.0,34.0,8.0,167.0,17.0,61.0,303.0,2420.0,1954.0,688.0,111.0,97.0,71.0,13.0,11.0,88.0,11.0,57.0,378.0,963.0,375.0,233.0,69.0,31.0,59.0,88.0,28.0,5.0,22.0,94.0,336.0,29.0,217.0,837.0,380.0,275.0,309.0,8.0,28.0,22.0,14.0,15.0,40.0,163.0,25.0,149.0,34.0,97.0,181.0,31.0,8.0,37.0,43.0,5.0,9.0,18.0,33.0,38.0,33.0,21.0,7.0,45.0,11.0,5.0,25.0,21.0,20.0,104.0,6.0,25.0,16.0,5.0,81.0,13.0,14.0,114.0,257.0,19.0,58.0,41.0,15.0,18.0,12.0,13.0,14.0,29.0,0.0,228.0,0.0,12.0,39.0,27.0,12.0,29.0,0.0,13.0,1.0,3.0,3.0,3.0,11.0,16.0,66.0,18.0,1.0,7.0,267.0,13.0,4.0,4.0,18.0,3.0,18.0,8.0,3.0,2.0,11.0,18.0,8.0,6.0,6.0,9.0,4.0,8.0,5.0,10.0,30.0,114.0,43.0,15.0,3.0,13.0,14.0,9.0,169.0,6.0,4.0,8.0,7.0,28.0,11.0,7.0,14.0,310.0,258.0,27.0,21.0,27.0,442.0,999.0,308.0,10.0,515.0,36.0,494.0,84.0,30.0,18.0,15.0,57.0,38.0,107.0,29.0,5.0,25.0,126.0,8.0,14.0,40.0,186.0,35.0,109.0,14.0,562.0,193.0,4.0,52.0,21.0,10.0,631.0,10.0,20.0,168.0,56.0,6.0,203.0,460.0,34.0,22.0,39.0,18.0,26.0,240.0,216.0,12.0,27.0,11.0,73.0,38.0,43.0,18.0,48.0,30.0,30.0,60.0,95.0,99.0,7.0,8.0,24.0,10.0,24.0,82.0,7.0,17.0,35.0,58.0,19.0,9.0,117.0,19.0,30.0,77.0,85.0,193.0,128.0,12.0,59.0,201.0,28.0,47.0,21.0,12.0,10.0,62.0,16.0,4.0,10.0,16.0,7.0,13.0,14.0,28.0,5.0,26.0,31.0,5.0,18.0,189.0,22.0,7.0,27.0,12.0,7.0,4.0,1.0,6.0,2.0,2.0,38.0,4.0,6.0,211.0,64.0,241.0,48.0,26.0,6.0,2.0,3.0,11.0,46.0,3.0,2.0,16.0,2.0,3.0,3.0,11.0,13.0,20.0,1.0,2.0,0.0,3.0,2.0,7.0,1.0,7.0,21.0,220.0,66.0,4.0,2.0,11.0,18.0,2.0,1.0,10.0,25.0,3.0,4.0,2.0,5.0,2.0,2.0,14.0,3.0,3.0,1.0,4.0,9.0,4.0,3.0,5.0,0.0,6.0,1.0,15.0,2.0,2.0,3.0,3.0,2.0,7.0,1.0,2.0,3.0,23.0,12.0,8.0,3.0,5.0,40.0,4.0,1.0,1.0,0.0,0.0,0.0,6.0,0.0,0.0,0.0,2.0,1.0,5.0,3.0,2.0,4.0,4.0,8.0,2.0,2.0,7.0,5.0,0.0,1.0,3.0,3.0
13.0,33.0,13.0,6.0,57.0,4.0,8.0,19.0,8.0,50.0,84.0,59.0,41.0,178.0,145.0,46.0,144.0,15.0,100.0,130.0,93.0,30.0,14.0,6.0,4.0,13.0,42.0,18.0,12.0,471.0,462.0,201.0,134.0,34.0,8.0,165.0,17.0,60.0,301.0,2405.0,1947.0,681.0,110.0,96.0,70.0,13.0,11.0,88.0,11.0,56.0,375.0,958.0,373.0,231.0,68.0,31.0,58.0,88.0,27.0,5.0,22.0,94.0,333.0,28.0,216.0,832.0,378.0,274.0,306.0,8.0,28.0,21.0,14.0,14.0,40.0,161.0,25.0,148.0,34.0,96.0,180.0,31.0,8.0,37.0,43.0,5.0,9.0,18.0,33.0,37.0,32.0,20.0,7.0,45.0,11.0,5.0,25.0,21.0,20.0,103.0,6.0,24.0,16.0,5.0,81.0,13.0,14.0,113.0,254.0,19.0,58.0,40.0,15.0,18.0,12.0,13.0,14.0,29.0,35.0,0.0,9.0,23.0,24.0,17.0,23.0,0.0,53.0,0.0,8.0,3.0,3.0,2.0,5.0,17.0,64.0,19.0,1.0,7.0,250.0,12.0,4.0,4.0,19.0,3.0,25.0,7.0,2.0,2.0,13.0,15.0,10.0,6.0,7.0,9.0,4.0,8.0,5.0,10.0,28.0,110.0,42.0,15.0,3.0,12.0,14.0,9.0,163.0,5.0,4.0,8.0,7.0,27.0,11.0,7.0,14.0,298.0,250.0,27.0,20.0,26.0,427.0,961.0,296.0,10.0,494.0,35.0,477.0,83.0,29.0,18.0,15.0,55.0,37.0,104.0,27.0,5.0,24.0,122.0,8.0,13.0,39.0,179.0,34.0,106.0,13.0,543.0,187.0,4.0,50.0,20.0,9.0,607.0,9.0,20.0,165.0,54.0,6.0,196.0,443.0,33.0,22.0,38.0,18.0,26.0,233.0,208.0,11.0,26.0,10.0,70.0,37.0,41.0,18.0,46.0,29.0,30.0,58.0,92.0,95.0,7.0,8.0,23.0,9.0,23.0,79.0,7.0,17.0,34.0,56.0,19.0,9.0,112.0,19.0,29.0,74.0,81.0,186.0,123.0,12.0,57.0,193.0,27.0,45.0,20.0,12.0,10.0,61.0,14.0,3.0,10.0,19.0,6.0,15.0,9.0,27.0,5.0,26.0,29.0,10.0,17.0,183.0,22.0,7.0,22.0,16.0,7.0,5.0,1.0,6.0,2.0,2.0,37.0,4.0,6.0,203.0,64.0,236.0,49.0,25.0,6.0,2.0,3.0,11.0,46.0,3.0,2.0,16.0,2.0,3.0,3.0,12.0,13.0,20.0,1.0,2.0,0.0,3.0,2.0,7.0,1.0,7.0,21.0,220.0,66.0,4.0,2.0,11.0,18.0,2.0,1.0,10.0,24.0,3.0,4.0,2.0,5.0,2.0,2.0,14.0,3.0,3.0,1.0,4.0,9.0,4.0,3.0,4.0,0.0,6.0,1.0,14.0,2.0,2.0,3.0,3.0,3.0,3.0,4.0,2.0,3.0,22.0,11.0,9.0,3.0,5.0,33.0,4.0,1.0,0.0,0.0,0.0,7.0,0.0,47.0,0.0,0.0,2.0,0.0,21.0,3.0,2.0,4.0,4.0,9.0,2.0,2.0,5.0,0.0,18.0,6.0,4.0,0.0
13.0,33.0,12.0,6.0,57.0,4.0,8.0,19.0,8.0,49.0,84.0,59.0,41.0,177.0,144.0,45.0,143.0,15.0,99.0,129.0,93.0,30.0,14.0,5.0,4.0,13.0,41.0,17.0,12.0,470.0,460.0,199.0,133.0,33.0,8.0,164.0,17.0,60.0,300.0,2399.0,1939.0,680.0,110.0,95.0,70.0,13.0,11.0,87.0,11.0,56.0,374.0,954.0,372.0,231.0,68.0,31.0,58.0,87.0,27.0,5.0,22.0,93.0,331.0,28.0,215.0,829.0,377.0,273.0,305.0,8.0,28.0,21.0,14.0,14.0,39.0,160.0,25.0,147.0,34.0,96.0,179.0,31.0,8.0,36.0,43.0,5.0,9.0,18.0,32.0,37.0,32.0,20.0,7.0,45.0,11.0,4.0,24.0,21.0,20.0,102.0,6.0,24.0,15.0,5.0,80.0,13.0,14.0,113.0,253.0,19.0,58.0,40.0,15.0,18.0,12.0,13.0,14.0,29.0,0.0,254.0,0.0,11.0,35.0,24.0,11.0,31.0,0.0,13.0,1.0,2.0,3.0,2.0,10.0,15.0,61.0,16.0,1.0,6.0,246.0,12.0,4.0,4.0,17.0,3.0,17.0,7.0,3.0,2.0,10.0,17.0,8.0,6.0,6.0,8.0,4.0,8.0,5.0,9.0,27.0,104.0,39.0,14.0,3.0,12.0,13.0,9.0,153.0,5.0,4.0,8.0,7.0,25.0,10.0,6.0,13.0,281.0,234.0,25.0,19.0,25.0,400.0,902.0,278.0,10.0,465.0,32.0,447.0,77.0,27.0,17.0,14.0,52.0,34.0,98.0,26.0,5.0,23.0,117.0,8.0,13.0,36.0,169.0,32.0,103.0,12.0,507.0,175.0,4.0,48.0,19.0,9.0,571.0,9.0,19.0,153.0,51.0,5.0,185.0,420.0,31.0,21.0,36.0,17.0,25.0,229.0,197.0,11.0,25.0,10.0,67.0,35.0,39.0,17.0,44.0,28.0,28.0,55.0,86.0,90.0,6.0,8.0,22.0,9.0,22.0,74.0,7.0,16.0,32.0,53.0,17.0,8.0,105.0,17.0,27.0,70.0,76.0,174.0,115.0,11.0,53.0,182.0,26.0,43.0,19.0,11.0,9.0,57.0,14.0,3.0,9.0,15.0,6.0,12.0,13.0,25.0,5.0,24.0,28.0,5.0,17.0,170.0,20.0,6.0,25.0,11.0,6.0,4.0,1.0,6.0,2.0,2.0,35.0,4.0,6.0,197.0,60.0,224.0,45.0,24.0,6.0,2.0,3.0,10.0,44.0,3.0,2.0,15.0,2.0,3.0,3.0,10.0,13.0,19.0,1.0,2.0,0.0,3.0,2.0,6.0,1.0,7.0,20.0,210.0,63.0,4.0,2.0,11.0,18.0,2.0,1.0,9.0,23.0,3.0,4.0,2.0,5.0,2.0,2.0,14.0,3.0,3.0,1.0,4.0,9.0,4.0,3.0,4.0,0.0,6.0,1.0,14.0,2.0,2.0,3.0,3.0,2.0,7.0,1.0,2.0,3.0,21.0,11.0,8.0,2.0,5.0,35.0,3.0,0.0,0.0,0.0,0.0,0.0,7.0,0.0,0.0,0.0,2.0,1.0,4.0,3.0,2.0,4.0,4.0,7.0,2.0,2.0,7.0,5.0,0.0,1.0,3.0,3.0
13.0,32.0,12.0,6.0,57.0,4.0,8.0,19.0,8.0,49.0,83.0,59.0,41.0,176.0,143.0,45.0,143.0,15.0,99.0,129.0,92.0,30.0,14.0,5.0,4.0,13.0,41.0,17.0,12.0,468.0,458.0,199.0,132.0,33.0,8.0,163.0,17.0,60.0,299.0,2393.0,1938.0,677.0,109.0,95.0,69.0,13.0,11.0,87.0,11.0,56.0,373.0,953.0,371.0,230.0,68.0,30.0,58.0,87.0,27.0,5.0,22.0,92.0,329.0,28.0,214.0,827.0,376.0,272.0,304.0,8.0,28.0,21.0,14.0,14.0,39.0,159.0,25.0,147.0,34.0,95.0,178.0,31.0,8.0,36.0,42.0,5.0,9.0,18.0,32.0,37.0,32.0,20.0,7.0,44.0,11.0,4.0,24.0,21.0,20.0,102.0,6.0,24.0,15.0,5.0,80.0,13.0,14.0,112.0,251.0,19.0,57.0,40.0,15.0,18.0,12.0,13.0,14.0,29.0,40.0,0.0,10.0,20.0,21.0,15.0,21.0,0.0,58.0,0.0,8.0,3.0,3.0,2.0,4.0,15.0,56.0,17.0,1.0,6.0,221.0,11.0,3.0,4.0,17.0,3.0,23.0,6.0,2.0,2.0,12.0,13.0,9.0,5.0,6.0,8.0,4.0,7.0,4.0,9.0,25.0,96.0,37.0,13.0,3.0,11.0,12.0,8.0,143.0,5.0,4.0,7.0,6.0,24.0,10.0,6.0,12.0,262.0,220.0,24.0,18.0,23.0,376.0,844.0,260.0,9.0,434.0,30.0,419.0,73.0,26.0,16.0,13.0,49.0,32.0,92.0,25.0,5.0,22.0,112.0,8.0,12.0,34.0,160.0,30.0,100.0,12.0,475.0,164.0,4.0,45.0,18.0,8.0,534.0,8.0,18.0,145.0,48.0,5.0,175.0,399.0,30.0,20.0,33.0,16.0,24.0,221.0,188.0,10.0,24.0,9.0,63.0,33.0,37.0,16.0,41.0,26.0,28.0,51.0,81.0,85.0,6.0,7.0,21.0,8.0,20.0,70.0,6.0,15.0,30.0,50.0,16.0,8.0,99.0,17.0,26.0,65.0,72.0,164.0,109.0,10.0,51.0,171.0,24.0,41.0,18.0,10.0,9.0,54.0,13.0,3.0,9.0,17.0,6.0,13.0,8.0,24.0,5.0,23.0,26.0,9.0,16.0,162.0,19.0,6.0,19.0,14.0,7.0,4.0,1.0,5.0,2.0,2.0,33.0,3.0,5.0,182.0,57.0,211.0,44.0,23.0,5.0,2.0,3.0,10.0,42.0,3.0,2.0,15.0,2.0,2.0,3.0,12.0,13.0,18.0,1.0,2.0,0.0,3.0,2.0,7.0,1.0,7.0,19.0,202.0,61.0,4.0,2.0,11.0,17.0,2.0,1.0,9.0,22.0,3.0,4.0,2.0,4.0,2.0,2.0,14.0,3.0,3.0,1.0,4.0,9.0,4.0,3.0,4.0,0.0,6.0,1.0,14.0,2.0,2.0,3.0,3.0,3.0,3.0,3.0,2.0,3.0,19.0,10.0,8.0,2.0,4.0,26.0,1.0,1.0,0.0,0.0,0.0,7.0,0.0,50.0,0.0,0.0,2.0,0.0,21.0,3.0,2.0,4.0,4.0,8.0,2.0,2.0,4.0,0.0,19.0,6.0,4.0,0.0
